2025-07-24 13:19:16 [ERROR]: AggregateError [ECONNREFUSED]: 
    at internalConnectMultiple (node:net:1134:18)
    at afterConnectMultiple (node:net:1715:7)
2025-07-24 13:21:35 [ERROR]: AggregateError [ECONNREFUSED]: 
    at internalConnectMultiple (node:net:1134:18)
    at afterConnectMultiple (node:net:1715:7)
2025-07-24 13:21:40 [ERROR]: AggregateError [ECONNREFUSED]: 
    at internalConnectMultiple (node:net:1134:18)
    at afterConnectMultiple (node:net:1715:7)
2025-07-24 13:22:47 [ERROR]: AggregateError [ECONNREFUSED]: 
    at internalConnectMultiple (node:net:1134:18)
    at afterConnectMultiple (node:net:1715:7)
2025-07-24 13:23:15 [ERROR]: AggregateError [ECONNREFUSED]: 
    at internalConnectMultiple (node:net:1134:18)
    at afterConnectMultiple (node:net:1715:7)
2025-07-24 13:23:19 [ERROR]: AggregateError [ECONNREFUSED]: 
    at internalConnectMultiple (node:net:1134:18)
    at afterConnectMultiple (node:net:1715:7)
2025-07-24 13:23:33 [ERROR]: AggregateError [ECONNREFUSED]: 
    at internalConnectMultiple (node:net:1134:18)
    at afterConnectMultiple (node:net:1715:7)
2025-07-24 13:23:37 [ERROR]: AggregateError [ECONNREFUSED]: 
    at internalConnectMultiple (node:net:1134:18)
    at afterConnectMultiple (node:net:1715:7)
2025-07-24 13:24:25 [ERROR]: AggregateError [ECONNREFUSED]: 
    at internalConnectMultiple (node:net:1134:18)
    at afterConnectMultiple (node:net:1715:7)
2025-07-24 13:24:30 [ERROR]: AggregateError [ECONNREFUSED]: 
    at internalConnectMultiple (node:net:1134:18)
    at afterConnectMultiple (node:net:1715:7)
2025-07-24 13:31:47 [ERROR]: Error: listen EADDRINUSE: address already in use :::3000
    at Server.setupListenHandle [as _listen2] (node:net:1940:16)
    at listenInCluster (node:net:1997:12)
    at Server.listen (node:net:2102:7)
    at app.listen (D:\K\兵智世界v1.2\backend\node_modules\express\lib\application.js:635:24)
    at SimpleApp.start (D:\K\兵智世界v1.2\backend\src\app-simple.js:210:30)
2025-07-24 13:34:13 [ERROR]: Error: 用户名或邮箱已存在
    at UserService.registerUser (D:\K\兵智世界v1.2\backend\src\services\userService-simple.js:30:15)
    at async D:\K\兵智世界v1.2\backend\src\routes\auth-simple.js:11:20
2025-07-24 13:34:13 [ERROR]: Error: 用户名或邮箱已存在
    at UserService.registerUser (D:\K\兵智世界v1.2\backend\src\services\userService-simple.js:30:15)
    at async D:\K\兵智世界v1.2\backend\src\routes\auth-simple.js:11:20
2025-07-24 13:34:34 [ERROR]: Error: listen EADDRINUSE: address already in use :::3001
    at Server.setupListenHandle [as _listen2] (node:net:1940:16)
    at listenInCluster (node:net:1997:12)
    at Server.listen (node:net:2102:7)
    at app.listen (D:\K\兵智世界v1.2\backend\node_modules\express\lib\application.js:635:24)
    at SimpleApp.start (D:\K\兵智世界v1.2\backend\src\app-simple.js:210:30)
2025-07-24 13:55:00 [ERROR]: Error: listen EADDRINUSE: address already in use :::3001
    at Server.setupListenHandle [as _listen2] (node:net:1940:16)
    at listenInCluster (node:net:1997:12)
    at Server.listen (node:net:2102:7)
    at app.listen (D:\K\兵智世界v1.2\backend\node_modules\express\lib\application.js:635:24)
    at SimpleApp.start (D:\K\兵智世界v1.2\backend\src\app-simple.js:210:30)
2025-07-24 14:06:19 [ERROR]: Error: listen EADDRINUSE: address already in use :::3001
    at Server.setupListenHandle [as _listen2] (node:net:1940:16)
    at listenInCluster (node:net:1997:12)
    at Server.listen (node:net:2102:7)
    at app.listen (D:\K\兵智世界v1.2\backend\node_modules\express\lib\application.js:635:24)
    at SimpleApp.start (D:\K\兵智世界v1.2\backend\src\app-simple.js:210:30)
2025-07-24 14:08:06 [ERROR]: Error: listen EADDRINUSE: address already in use :::3001
    at Server.setupListenHandle [as _listen2] (node:net:1940:16)
    at listenInCluster (node:net:1997:12)
    at Server.listen (node:net:2102:7)
    at app.listen (D:\K\兵智世界v1.2\backend\node_modules\express\lib\application.js:635:24)
    at SimpleApp.start (D:\K\兵智世界v1.2\backend\src\app-simple.js:210:30)
2025-07-24 14:13:02 [ERROR]: Error: listen EADDRINUSE: address already in use :::3001
    at Server.setupListenHandle [as _listen2] (node:net:1940:16)
    at listenInCluster (node:net:1997:12)
    at Server.listen (node:net:2102:7)
    at app.listen (D:\K\兵智世界v1.2\backend\node_modules\express\lib\application.js:635:24)
    at SimpleApp.start (D:\K\兵智世界v1.2\backend\src\app-simple.js:210:30)
2025-07-24 14:13:47 [ERROR]: Error: SQLITE_ERROR: no such column: phone
--> in Database#get('SELECT id, username, email, name, phone, bio, role, status, created_at, last_login, preferences FROM users WHERE id = ?', [ '4' ], [Function (anonymous)])
    at user (D:\K\兵智世界v1.2\backend\src\services\userService-simple.js:163:12)
    at new Promise (<anonymous>)
    at UserService.getUserById (D:\K\兵智世界v1.2\backend\src\services\userService-simple.js:162:26)
    at D:\K\兵智世界v1.2\backend\src\routes\auth-simple.js:39:38
    at Layer.handle [as handle_request] (D:\K\兵智世界v1.2\backend\node_modules\express\lib\router\layer.js:95:5)
    at next (D:\K\兵智世界v1.2\backend\node_modules\express\lib\router\route.js:149:13)
    at D:\K\兵智世界v1.2\backend\src\middleware\auth.js:27:5
    at D:\K\兵智世界v1.2\backend\node_modules\jsonwebtoken\verify.js:261:12
    at getSecret (D:\K\兵智世界v1.2\backend\node_modules\jsonwebtoken\verify.js:97:14)
2025-07-24 14:13:47 [ERROR]: Error: SQLITE_ERROR: no such column: phone
--> in Database#get('SELECT id, username, email, name, phone, bio, role, status, created_at, last_login, preferences FROM users WHERE id = ?', [ '4' ], [Function (anonymous)])
    at user (D:\K\兵智世界v1.2\backend\src\services\userService-simple.js:163:12)
    at new Promise (<anonymous>)
    at UserService.getUserById (D:\K\兵智世界v1.2\backend\src\services\userService-simple.js:162:26)
    at D:\K\兵智世界v1.2\backend\src\routes\auth-simple.js:39:38
    at Layer.handle [as handle_request] (D:\K\兵智世界v1.2\backend\node_modules\express\lib\router\layer.js:95:5)
    at next (D:\K\兵智世界v1.2\backend\node_modules\express\lib\router\route.js:149:13)
    at D:\K\兵智世界v1.2\backend\src\middleware\auth.js:27:5
    at D:\K\兵智世界v1.2\backend\node_modules\jsonwebtoken\verify.js:261:12
    at getSecret (D:\K\兵智世界v1.2\backend\node_modules\jsonwebtoken\verify.js:97:14)
2025-07-24 14:13:47 [ERROR]: Error: SQLITE_ERROR: no such column: phone
--> in Database#get('SELECT id, username, email, name, phone, bio, role, status, created_at, last_login, preferences FROM users WHERE id = ?', [ '4' ], [Function (anonymous)])
    at user (D:\K\兵智世界v1.2\backend\src\services\userService-simple.js:163:12)
    at new Promise (<anonymous>)
    at UserService.getUserById (D:\K\兵智世界v1.2\backend\src\services\userService-simple.js:162:26)
    at D:\K\兵智世界v1.2\backend\src\routes\auth-simple.js:39:38
    at Layer.handle [as handle_request] (D:\K\兵智世界v1.2\backend\node_modules\express\lib\router\layer.js:95:5)
    at next (D:\K\兵智世界v1.2\backend\node_modules\express\lib\router\route.js:149:13)
    at D:\K\兵智世界v1.2\backend\src\middleware\auth.js:27:5
    at D:\K\兵智世界v1.2\backend\node_modules\jsonwebtoken\verify.js:261:12
    at getSecret (D:\K\兵智世界v1.2\backend\node_modules\jsonwebtoken\verify.js:97:14)
2025-07-24 14:13:47 [ERROR]: Error: SQLITE_ERROR: no such column: phone
--> in Database#get('SELECT id, username, email, name, phone, bio, role, status, created_at, last_login, preferences FROM users WHERE id = ?', [ '4' ], [Function (anonymous)])
    at user (D:\K\兵智世界v1.2\backend\src\services\userService-simple.js:163:12)
    at new Promise (<anonymous>)
    at UserService.getUserById (D:\K\兵智世界v1.2\backend\src\services\userService-simple.js:162:26)
    at D:\K\兵智世界v1.2\backend\src\routes\auth-simple.js:39:38
    at Layer.handle [as handle_request] (D:\K\兵智世界v1.2\backend\node_modules\express\lib\router\layer.js:95:5)
    at next (D:\K\兵智世界v1.2\backend\node_modules\express\lib\router\route.js:149:13)
    at D:\K\兵智世界v1.2\backend\src\middleware\auth.js:27:5
    at D:\K\兵智世界v1.2\backend\node_modules\jsonwebtoken\verify.js:261:12
    at getSecret (D:\K\兵智世界v1.2\backend\node_modules\jsonwebtoken\verify.js:97:14)
2025-07-24 14:13:48 [ERROR]: Error: SQLITE_ERROR: no such column: phone
--> in Database#get('SELECT id, username, email, name, phone, bio, role, status, created_at, last_login, preferences FROM users WHERE id = ?', [ '4' ], [Function (anonymous)])
    at user (D:\K\兵智世界v1.2\backend\src\services\userService-simple.js:163:12)
    at new Promise (<anonymous>)
    at UserService.getUserById (D:\K\兵智世界v1.2\backend\src\services\userService-simple.js:162:26)
    at D:\K\兵智世界v1.2\backend\src\routes\auth-simple.js:39:38
    at Layer.handle [as handle_request] (D:\K\兵智世界v1.2\backend\node_modules\express\lib\router\layer.js:95:5)
    at next (D:\K\兵智世界v1.2\backend\node_modules\express\lib\router\route.js:149:13)
    at D:\K\兵智世界v1.2\backend\src\middleware\auth.js:27:5
    at D:\K\兵智世界v1.2\backend\node_modules\jsonwebtoken\verify.js:261:12
    at getSecret (D:\K\兵智世界v1.2\backend\node_modules\jsonwebtoken\verify.js:97:14)
2025-07-24 14:13:48 [ERROR]: Error: SQLITE_ERROR: no such column: phone
--> in Database#get('SELECT id, username, email, name, phone, bio, role, status, created_at, last_login, preferences FROM users WHERE id = ?', [ '4' ], [Function (anonymous)])
    at user (D:\K\兵智世界v1.2\backend\src\services\userService-simple.js:163:12)
    at new Promise (<anonymous>)
    at UserService.getUserById (D:\K\兵智世界v1.2\backend\src\services\userService-simple.js:162:26)
    at D:\K\兵智世界v1.2\backend\src\routes\auth-simple.js:39:38
    at Layer.handle [as handle_request] (D:\K\兵智世界v1.2\backend\node_modules\express\lib\router\layer.js:95:5)
    at next (D:\K\兵智世界v1.2\backend\node_modules\express\lib\router\route.js:149:13)
    at D:\K\兵智世界v1.2\backend\src\middleware\auth.js:27:5
    at D:\K\兵智世界v1.2\backend\node_modules\jsonwebtoken\verify.js:261:12
    at getSecret (D:\K\兵智世界v1.2\backend\node_modules\jsonwebtoken\verify.js:97:14)
2025-07-24 14:13:48 [ERROR]: Error: SQLITE_ERROR: no such column: phone
--> in Database#get('SELECT id, username, email, name, phone, bio, role, status, created_at, last_login, preferences FROM users WHERE id = ?', [ '4' ], [Function (anonymous)])
    at user (D:\K\兵智世界v1.2\backend\src\services\userService-simple.js:163:12)
    at new Promise (<anonymous>)
    at UserService.getUserById (D:\K\兵智世界v1.2\backend\src\services\userService-simple.js:162:26)
    at D:\K\兵智世界v1.2\backend\src\routes\auth-simple.js:39:38
    at Layer.handle [as handle_request] (D:\K\兵智世界v1.2\backend\node_modules\express\lib\router\layer.js:95:5)
    at next (D:\K\兵智世界v1.2\backend\node_modules\express\lib\router\route.js:149:13)
    at D:\K\兵智世界v1.2\backend\src\middleware\auth.js:27:5
    at D:\K\兵智世界v1.2\backend\node_modules\jsonwebtoken\verify.js:261:12
    at getSecret (D:\K\兵智世界v1.2\backend\node_modules\jsonwebtoken\verify.js:97:14)
2025-07-24 14:13:48 [ERROR]: Error: SQLITE_ERROR: no such column: phone
--> in Database#get('SELECT id, username, email, name, phone, bio, role, status, created_at, last_login, preferences FROM users WHERE id = ?', [ '4' ], [Function (anonymous)])
    at user (D:\K\兵智世界v1.2\backend\src\services\userService-simple.js:163:12)
    at new Promise (<anonymous>)
    at UserService.getUserById (D:\K\兵智世界v1.2\backend\src\services\userService-simple.js:162:26)
    at D:\K\兵智世界v1.2\backend\src\routes\auth-simple.js:39:38
    at Layer.handle [as handle_request] (D:\K\兵智世界v1.2\backend\node_modules\express\lib\router\layer.js:95:5)
    at next (D:\K\兵智世界v1.2\backend\node_modules\express\lib\router\route.js:149:13)
    at D:\K\兵智世界v1.2\backend\src\middleware\auth.js:27:5
    at D:\K\兵智世界v1.2\backend\node_modules\jsonwebtoken\verify.js:261:12
    at getSecret (D:\K\兵智世界v1.2\backend\node_modules\jsonwebtoken\verify.js:97:14)
2025-07-24 14:13:48 [ERROR]: Error: SQLITE_ERROR: no such column: phone
--> in Database#get('SELECT id, username, email, name, phone, bio, role, status, created_at, last_login, preferences FROM users WHERE id = ?', [ '4' ], [Function (anonymous)])
    at user (D:\K\兵智世界v1.2\backend\src\services\userService-simple.js:163:12)
    at new Promise (<anonymous>)
    at UserService.getUserById (D:\K\兵智世界v1.2\backend\src\services\userService-simple.js:162:26)
    at D:\K\兵智世界v1.2\backend\src\routes\auth-simple.js:39:38
    at Layer.handle [as handle_request] (D:\K\兵智世界v1.2\backend\node_modules\express\lib\router\layer.js:95:5)
    at next (D:\K\兵智世界v1.2\backend\node_modules\express\lib\router\route.js:149:13)
    at D:\K\兵智世界v1.2\backend\src\middleware\auth.js:27:5
    at D:\K\兵智世界v1.2\backend\node_modules\jsonwebtoken\verify.js:261:12
    at getSecret (D:\K\兵智世界v1.2\backend\node_modules\jsonwebtoken\verify.js:97:14)
2025-07-24 14:13:48 [ERROR]: Error: SQLITE_ERROR: no such column: phone
--> in Database#get('SELECT id, username, email, name, phone, bio, role, status, created_at, last_login, preferences FROM users WHERE id = ?', [ '4' ], [Function (anonymous)])
    at user (D:\K\兵智世界v1.2\backend\src\services\userService-simple.js:163:12)
    at new Promise (<anonymous>)
    at UserService.getUserById (D:\K\兵智世界v1.2\backend\src\services\userService-simple.js:162:26)
    at D:\K\兵智世界v1.2\backend\src\routes\auth-simple.js:39:38
    at Layer.handle [as handle_request] (D:\K\兵智世界v1.2\backend\node_modules\express\lib\router\layer.js:95:5)
    at next (D:\K\兵智世界v1.2\backend\node_modules\express\lib\router\route.js:149:13)
    at D:\K\兵智世界v1.2\backend\src\middleware\auth.js:27:5
    at D:\K\兵智世界v1.2\backend\node_modules\jsonwebtoken\verify.js:261:12
    at getSecret (D:\K\兵智世界v1.2\backend\node_modules\jsonwebtoken\verify.js:97:14)
2025-07-24 14:13:48 [ERROR]: Error: SQLITE_ERROR: no such column: phone
--> in Database#get('SELECT id, username, email, name, phone, bio, role, status, created_at, last_login, preferences FROM users WHERE id = ?', [ '4' ], [Function (anonymous)])
    at user (D:\K\兵智世界v1.2\backend\src\services\userService-simple.js:163:12)
    at new Promise (<anonymous>)
    at UserService.getUserById (D:\K\兵智世界v1.2\backend\src\services\userService-simple.js:162:26)
    at D:\K\兵智世界v1.2\backend\src\routes\auth-simple.js:39:38
    at Layer.handle [as handle_request] (D:\K\兵智世界v1.2\backend\node_modules\express\lib\router\layer.js:95:5)
    at next (D:\K\兵智世界v1.2\backend\node_modules\express\lib\router\route.js:149:13)
    at D:\K\兵智世界v1.2\backend\src\middleware\auth.js:27:5
    at D:\K\兵智世界v1.2\backend\node_modules\jsonwebtoken\verify.js:261:12
    at getSecret (D:\K\兵智世界v1.2\backend\node_modules\jsonwebtoken\verify.js:97:14)
2025-07-24 14:13:48 [ERROR]: Error: SQLITE_ERROR: no such column: phone
--> in Database#get('SELECT id, username, email, name, phone, bio, role, status, created_at, last_login, preferences FROM users WHERE id = ?', [ '4' ], [Function (anonymous)])
    at user (D:\K\兵智世界v1.2\backend\src\services\userService-simple.js:163:12)
    at new Promise (<anonymous>)
    at UserService.getUserById (D:\K\兵智世界v1.2\backend\src\services\userService-simple.js:162:26)
    at D:\K\兵智世界v1.2\backend\src\routes\auth-simple.js:39:38
    at Layer.handle [as handle_request] (D:\K\兵智世界v1.2\backend\node_modules\express\lib\router\layer.js:95:5)
    at next (D:\K\兵智世界v1.2\backend\node_modules\express\lib\router\route.js:149:13)
    at D:\K\兵智世界v1.2\backend\src\middleware\auth.js:27:5
    at D:\K\兵智世界v1.2\backend\node_modules\jsonwebtoken\verify.js:261:12
    at getSecret (D:\K\兵智世界v1.2\backend\node_modules\jsonwebtoken\verify.js:97:14)
2025-07-24 14:13:49 [ERROR]: Error: SQLITE_ERROR: no such column: phone
--> in Database#get('SELECT id, username, email, name, phone, bio, role, status, created_at, last_login, preferences FROM users WHERE id = ?', [ '4' ], [Function (anonymous)])
    at user (D:\K\兵智世界v1.2\backend\src\services\userService-simple.js:163:12)
    at new Promise (<anonymous>)
    at UserService.getUserById (D:\K\兵智世界v1.2\backend\src\services\userService-simple.js:162:26)
    at D:\K\兵智世界v1.2\backend\src\routes\auth-simple.js:39:38
    at Layer.handle [as handle_request] (D:\K\兵智世界v1.2\backend\node_modules\express\lib\router\layer.js:95:5)
    at next (D:\K\兵智世界v1.2\backend\node_modules\express\lib\router\route.js:149:13)
    at D:\K\兵智世界v1.2\backend\src\middleware\auth.js:27:5
    at D:\K\兵智世界v1.2\backend\node_modules\jsonwebtoken\verify.js:261:12
    at getSecret (D:\K\兵智世界v1.2\backend\node_modules\jsonwebtoken\verify.js:97:14)
2025-07-24 14:13:49 [ERROR]: Error: SQLITE_ERROR: no such column: phone
--> in Database#get('SELECT id, username, email, name, phone, bio, role, status, created_at, last_login, preferences FROM users WHERE id = ?', [ '4' ], [Function (anonymous)])
    at user (D:\K\兵智世界v1.2\backend\src\services\userService-simple.js:163:12)
    at new Promise (<anonymous>)
    at UserService.getUserById (D:\K\兵智世界v1.2\backend\src\services\userService-simple.js:162:26)
    at D:\K\兵智世界v1.2\backend\src\routes\auth-simple.js:39:38
    at Layer.handle [as handle_request] (D:\K\兵智世界v1.2\backend\node_modules\express\lib\router\layer.js:95:5)
    at next (D:\K\兵智世界v1.2\backend\node_modules\express\lib\router\route.js:149:13)
    at D:\K\兵智世界v1.2\backend\src\middleware\auth.js:27:5
    at D:\K\兵智世界v1.2\backend\node_modules\jsonwebtoken\verify.js:261:12
    at getSecret (D:\K\兵智世界v1.2\backend\node_modules\jsonwebtoken\verify.js:97:14)
2025-07-24 14:13:49 [ERROR]: Error: SQLITE_ERROR: no such column: phone
--> in Database#get('SELECT id, username, email, name, phone, bio, role, status, created_at, last_login, preferences FROM users WHERE id = ?', [ '4' ], [Function (anonymous)])
    at user (D:\K\兵智世界v1.2\backend\src\services\userService-simple.js:163:12)
    at new Promise (<anonymous>)
    at UserService.getUserById (D:\K\兵智世界v1.2\backend\src\services\userService-simple.js:162:26)
    at D:\K\兵智世界v1.2\backend\src\routes\auth-simple.js:39:38
    at Layer.handle [as handle_request] (D:\K\兵智世界v1.2\backend\node_modules\express\lib\router\layer.js:95:5)
    at next (D:\K\兵智世界v1.2\backend\node_modules\express\lib\router\route.js:149:13)
    at D:\K\兵智世界v1.2\backend\src\middleware\auth.js:27:5
    at D:\K\兵智世界v1.2\backend\node_modules\jsonwebtoken\verify.js:261:12
    at getSecret (D:\K\兵智世界v1.2\backend\node_modules\jsonwebtoken\verify.js:97:14)
2025-07-24 14:13:49 [ERROR]: Error: SQLITE_ERROR: no such column: phone
--> in Database#get('SELECT id, username, email, name, phone, bio, role, status, created_at, last_login, preferences FROM users WHERE id = ?', [ '4' ], [Function (anonymous)])
    at user (D:\K\兵智世界v1.2\backend\src\services\userService-simple.js:163:12)
    at new Promise (<anonymous>)
    at UserService.getUserById (D:\K\兵智世界v1.2\backend\src\services\userService-simple.js:162:26)
    at D:\K\兵智世界v1.2\backend\src\routes\auth-simple.js:39:38
    at Layer.handle [as handle_request] (D:\K\兵智世界v1.2\backend\node_modules\express\lib\router\layer.js:95:5)
    at next (D:\K\兵智世界v1.2\backend\node_modules\express\lib\router\route.js:149:13)
    at D:\K\兵智世界v1.2\backend\src\middleware\auth.js:27:5
    at D:\K\兵智世界v1.2\backend\node_modules\jsonwebtoken\verify.js:261:12
    at getSecret (D:\K\兵智世界v1.2\backend\node_modules\jsonwebtoken\verify.js:97:14)
2025-07-24 14:13:49 [ERROR]: Error: SQLITE_ERROR: no such column: phone
--> in Database#get('SELECT id, username, email, name, phone, bio, role, status, created_at, last_login, preferences FROM users WHERE id = ?', [ '4' ], [Function (anonymous)])
    at user (D:\K\兵智世界v1.2\backend\src\services\userService-simple.js:163:12)
    at new Promise (<anonymous>)
    at UserService.getUserById (D:\K\兵智世界v1.2\backend\src\services\userService-simple.js:162:26)
    at D:\K\兵智世界v1.2\backend\src\routes\auth-simple.js:39:38
    at Layer.handle [as handle_request] (D:\K\兵智世界v1.2\backend\node_modules\express\lib\router\layer.js:95:5)
    at next (D:\K\兵智世界v1.2\backend\node_modules\express\lib\router\route.js:149:13)
    at D:\K\兵智世界v1.2\backend\src\middleware\auth.js:27:5
    at D:\K\兵智世界v1.2\backend\node_modules\jsonwebtoken\verify.js:261:12
    at getSecret (D:\K\兵智世界v1.2\backend\node_modules\jsonwebtoken\verify.js:97:14)
2025-07-24 14:13:49 [ERROR]: Error: SQLITE_ERROR: no such column: phone
--> in Database#get('SELECT id, username, email, name, phone, bio, role, status, created_at, last_login, preferences FROM users WHERE id = ?', [ '4' ], [Function (anonymous)])
    at user (D:\K\兵智世界v1.2\backend\src\services\userService-simple.js:163:12)
    at new Promise (<anonymous>)
    at UserService.getUserById (D:\K\兵智世界v1.2\backend\src\services\userService-simple.js:162:26)
    at D:\K\兵智世界v1.2\backend\src\routes\auth-simple.js:39:38
    at Layer.handle [as handle_request] (D:\K\兵智世界v1.2\backend\node_modules\express\lib\router\layer.js:95:5)
    at next (D:\K\兵智世界v1.2\backend\node_modules\express\lib\router\route.js:149:13)
    at D:\K\兵智世界v1.2\backend\src\middleware\auth.js:27:5
    at D:\K\兵智世界v1.2\backend\node_modules\jsonwebtoken\verify.js:261:12
    at getSecret (D:\K\兵智世界v1.2\backend\node_modules\jsonwebtoken\verify.js:97:14)
2025-07-24 14:13:50 [ERROR]: Error: SQLITE_ERROR: no such column: phone
--> in Database#get('SELECT id, username, email, name, phone, bio, role, status, created_at, last_login, preferences FROM users WHERE id = ?', [ '4' ], [Function (anonymous)])
    at user (D:\K\兵智世界v1.2\backend\src\services\userService-simple.js:163:12)
    at new Promise (<anonymous>)
    at UserService.getUserById (D:\K\兵智世界v1.2\backend\src\services\userService-simple.js:162:26)
    at D:\K\兵智世界v1.2\backend\src\routes\auth-simple.js:39:38
    at Layer.handle [as handle_request] (D:\K\兵智世界v1.2\backend\node_modules\express\lib\router\layer.js:95:5)
    at next (D:\K\兵智世界v1.2\backend\node_modules\express\lib\router\route.js:149:13)
    at D:\K\兵智世界v1.2\backend\src\middleware\auth.js:27:5
    at D:\K\兵智世界v1.2\backend\node_modules\jsonwebtoken\verify.js:261:12
    at getSecret (D:\K\兵智世界v1.2\backend\node_modules\jsonwebtoken\verify.js:97:14)
2025-07-24 14:13:50 [ERROR]: Error: SQLITE_ERROR: no such column: phone
--> in Database#get('SELECT id, username, email, name, phone, bio, role, status, created_at, last_login, preferences FROM users WHERE id = ?', [ '4' ], [Function (anonymous)])
    at user (D:\K\兵智世界v1.2\backend\src\services\userService-simple.js:163:12)
    at new Promise (<anonymous>)
    at UserService.getUserById (D:\K\兵智世界v1.2\backend\src\services\userService-simple.js:162:26)
    at D:\K\兵智世界v1.2\backend\src\routes\auth-simple.js:39:38
    at Layer.handle [as handle_request] (D:\K\兵智世界v1.2\backend\node_modules\express\lib\router\layer.js:95:5)
    at next (D:\K\兵智世界v1.2\backend\node_modules\express\lib\router\route.js:149:13)
    at D:\K\兵智世界v1.2\backend\src\middleware\auth.js:27:5
    at D:\K\兵智世界v1.2\backend\node_modules\jsonwebtoken\verify.js:261:12
    at getSecret (D:\K\兵智世界v1.2\backend\node_modules\jsonwebtoken\verify.js:97:14)
2025-07-24 14:13:50 [ERROR]: Error: SQLITE_ERROR: no such column: phone
--> in Database#get('SELECT id, username, email, name, phone, bio, role, status, created_at, last_login, preferences FROM users WHERE id = ?', [ '4' ], [Function (anonymous)])
    at user (D:\K\兵智世界v1.2\backend\src\services\userService-simple.js:163:12)
    at new Promise (<anonymous>)
    at UserService.getUserById (D:\K\兵智世界v1.2\backend\src\services\userService-simple.js:162:26)
    at D:\K\兵智世界v1.2\backend\src\routes\auth-simple.js:39:38
    at Layer.handle [as handle_request] (D:\K\兵智世界v1.2\backend\node_modules\express\lib\router\layer.js:95:5)
    at next (D:\K\兵智世界v1.2\backend\node_modules\express\lib\router\route.js:149:13)
    at D:\K\兵智世界v1.2\backend\src\middleware\auth.js:27:5
    at D:\K\兵智世界v1.2\backend\node_modules\jsonwebtoken\verify.js:261:12
    at getSecret (D:\K\兵智世界v1.2\backend\node_modules\jsonwebtoken\verify.js:97:14)
2025-07-24 14:13:50 [ERROR]: Error: SQLITE_ERROR: no such column: phone
--> in Database#get('SELECT id, username, email, name, phone, bio, role, status, created_at, last_login, preferences FROM users WHERE id = ?', [ '4' ], [Function (anonymous)])
    at user (D:\K\兵智世界v1.2\backend\src\services\userService-simple.js:163:12)
    at new Promise (<anonymous>)
    at UserService.getUserById (D:\K\兵智世界v1.2\backend\src\services\userService-simple.js:162:26)
    at D:\K\兵智世界v1.2\backend\src\routes\auth-simple.js:39:38
    at Layer.handle [as handle_request] (D:\K\兵智世界v1.2\backend\node_modules\express\lib\router\layer.js:95:5)
    at next (D:\K\兵智世界v1.2\backend\node_modules\express\lib\router\route.js:149:13)
    at D:\K\兵智世界v1.2\backend\src\middleware\auth.js:27:5
    at D:\K\兵智世界v1.2\backend\node_modules\jsonwebtoken\verify.js:261:12
    at getSecret (D:\K\兵智世界v1.2\backend\node_modules\jsonwebtoken\verify.js:97:14)
2025-07-24 14:13:50 [ERROR]: Error: SQLITE_ERROR: no such column: phone
--> in Database#get('SELECT id, username, email, name, phone, bio, role, status, created_at, last_login, preferences FROM users WHERE id = ?', [ '4' ], [Function (anonymous)])
    at user (D:\K\兵智世界v1.2\backend\src\services\userService-simple.js:163:12)
    at new Promise (<anonymous>)
    at UserService.getUserById (D:\K\兵智世界v1.2\backend\src\services\userService-simple.js:162:26)
    at D:\K\兵智世界v1.2\backend\src\routes\auth-simple.js:39:38
    at Layer.handle [as handle_request] (D:\K\兵智世界v1.2\backend\node_modules\express\lib\router\layer.js:95:5)
    at next (D:\K\兵智世界v1.2\backend\node_modules\express\lib\router\route.js:149:13)
    at D:\K\兵智世界v1.2\backend\src\middleware\auth.js:27:5
    at D:\K\兵智世界v1.2\backend\node_modules\jsonwebtoken\verify.js:261:12
    at getSecret (D:\K\兵智世界v1.2\backend\node_modules\jsonwebtoken\verify.js:97:14)
2025-07-24 14:13:50 [ERROR]: Error: SQLITE_ERROR: no such column: phone
--> in Database#get('SELECT id, username, email, name, phone, bio, role, status, created_at, last_login, preferences FROM users WHERE id = ?', [ '4' ], [Function (anonymous)])
    at user (D:\K\兵智世界v1.2\backend\src\services\userService-simple.js:163:12)
    at new Promise (<anonymous>)
    at UserService.getUserById (D:\K\兵智世界v1.2\backend\src\services\userService-simple.js:162:26)
    at D:\K\兵智世界v1.2\backend\src\routes\auth-simple.js:39:38
    at Layer.handle [as handle_request] (D:\K\兵智世界v1.2\backend\node_modules\express\lib\router\layer.js:95:5)
    at next (D:\K\兵智世界v1.2\backend\node_modules\express\lib\router\route.js:149:13)
    at D:\K\兵智世界v1.2\backend\src\middleware\auth.js:27:5
    at D:\K\兵智世界v1.2\backend\node_modules\jsonwebtoken\verify.js:261:12
    at getSecret (D:\K\兵智世界v1.2\backend\node_modules\jsonwebtoken\verify.js:97:14)
2025-07-24 14:13:51 [ERROR]: Error: SQLITE_ERROR: no such column: phone
--> in Database#get('SELECT id, username, email, name, phone, bio, role, status, created_at, last_login, preferences FROM users WHERE id = ?', [ '4' ], [Function (anonymous)])
    at user (D:\K\兵智世界v1.2\backend\src\services\userService-simple.js:163:12)
    at new Promise (<anonymous>)
    at UserService.getUserById (D:\K\兵智世界v1.2\backend\src\services\userService-simple.js:162:26)
    at D:\K\兵智世界v1.2\backend\src\routes\auth-simple.js:39:38
    at Layer.handle [as handle_request] (D:\K\兵智世界v1.2\backend\node_modules\express\lib\router\layer.js:95:5)
    at next (D:\K\兵智世界v1.2\backend\node_modules\express\lib\router\route.js:149:13)
    at D:\K\兵智世界v1.2\backend\src\middleware\auth.js:27:5
    at D:\K\兵智世界v1.2\backend\node_modules\jsonwebtoken\verify.js:261:12
    at getSecret (D:\K\兵智世界v1.2\backend\node_modules\jsonwebtoken\verify.js:97:14)
2025-07-24 14:13:51 [ERROR]: Error: SQLITE_ERROR: no such column: phone
--> in Database#get('SELECT id, username, email, name, phone, bio, role, status, created_at, last_login, preferences FROM users WHERE id = ?', [ '4' ], [Function (anonymous)])
    at user (D:\K\兵智世界v1.2\backend\src\services\userService-simple.js:163:12)
    at new Promise (<anonymous>)
    at UserService.getUserById (D:\K\兵智世界v1.2\backend\src\services\userService-simple.js:162:26)
    at D:\K\兵智世界v1.2\backend\src\routes\auth-simple.js:39:38
    at Layer.handle [as handle_request] (D:\K\兵智世界v1.2\backend\node_modules\express\lib\router\layer.js:95:5)
    at next (D:\K\兵智世界v1.2\backend\node_modules\express\lib\router\route.js:149:13)
    at D:\K\兵智世界v1.2\backend\src\middleware\auth.js:27:5
    at D:\K\兵智世界v1.2\backend\node_modules\jsonwebtoken\verify.js:261:12
    at getSecret (D:\K\兵智世界v1.2\backend\node_modules\jsonwebtoken\verify.js:97:14)
2025-07-24 14:13:51 [ERROR]: Error: SQLITE_ERROR: no such column: phone
--> in Database#get('SELECT id, username, email, name, phone, bio, role, status, created_at, last_login, preferences FROM users WHERE id = ?', [ '4' ], [Function (anonymous)])
    at user (D:\K\兵智世界v1.2\backend\src\services\userService-simple.js:163:12)
    at new Promise (<anonymous>)
    at UserService.getUserById (D:\K\兵智世界v1.2\backend\src\services\userService-simple.js:162:26)
    at D:\K\兵智世界v1.2\backend\src\routes\auth-simple.js:39:38
    at Layer.handle [as handle_request] (D:\K\兵智世界v1.2\backend\node_modules\express\lib\router\layer.js:95:5)
    at next (D:\K\兵智世界v1.2\backend\node_modules\express\lib\router\route.js:149:13)
    at D:\K\兵智世界v1.2\backend\src\middleware\auth.js:27:5
    at D:\K\兵智世界v1.2\backend\node_modules\jsonwebtoken\verify.js:261:12
    at getSecret (D:\K\兵智世界v1.2\backend\node_modules\jsonwebtoken\verify.js:97:14)
2025-07-24 14:13:51 [ERROR]: Error: SQLITE_ERROR: no such column: phone
--> in Database#get('SELECT id, username, email, name, phone, bio, role, status, created_at, last_login, preferences FROM users WHERE id = ?', [ '4' ], [Function (anonymous)])
    at user (D:\K\兵智世界v1.2\backend\src\services\userService-simple.js:163:12)
    at new Promise (<anonymous>)
    at UserService.getUserById (D:\K\兵智世界v1.2\backend\src\services\userService-simple.js:162:26)
    at D:\K\兵智世界v1.2\backend\src\routes\auth-simple.js:39:38
    at Layer.handle [as handle_request] (D:\K\兵智世界v1.2\backend\node_modules\express\lib\router\layer.js:95:5)
    at next (D:\K\兵智世界v1.2\backend\node_modules\express\lib\router\route.js:149:13)
    at D:\K\兵智世界v1.2\backend\src\middleware\auth.js:27:5
    at D:\K\兵智世界v1.2\backend\node_modules\jsonwebtoken\verify.js:261:12
    at getSecret (D:\K\兵智世界v1.2\backend\node_modules\jsonwebtoken\verify.js:97:14)
2025-07-24 14:13:51 [ERROR]: Error: SQLITE_ERROR: no such column: phone
--> in Database#get('SELECT id, username, email, name, phone, bio, role, status, created_at, last_login, preferences FROM users WHERE id = ?', [ '4' ], [Function (anonymous)])
    at user (D:\K\兵智世界v1.2\backend\src\services\userService-simple.js:163:12)
    at new Promise (<anonymous>)
    at UserService.getUserById (D:\K\兵智世界v1.2\backend\src\services\userService-simple.js:162:26)
    at D:\K\兵智世界v1.2\backend\src\routes\auth-simple.js:39:38
    at Layer.handle [as handle_request] (D:\K\兵智世界v1.2\backend\node_modules\express\lib\router\layer.js:95:5)
    at next (D:\K\兵智世界v1.2\backend\node_modules\express\lib\router\route.js:149:13)
    at D:\K\兵智世界v1.2\backend\src\middleware\auth.js:27:5
    at D:\K\兵智世界v1.2\backend\node_modules\jsonwebtoken\verify.js:261:12
    at getSecret (D:\K\兵智世界v1.2\backend\node_modules\jsonwebtoken\verify.js:97:14)
2025-07-24 14:13:51 [ERROR]: Error: SQLITE_ERROR: no such column: phone
--> in Database#get('SELECT id, username, email, name, phone, bio, role, status, created_at, last_login, preferences FROM users WHERE id = ?', [ '4' ], [Function (anonymous)])
    at user (D:\K\兵智世界v1.2\backend\src\services\userService-simple.js:163:12)
    at new Promise (<anonymous>)
    at UserService.getUserById (D:\K\兵智世界v1.2\backend\src\services\userService-simple.js:162:26)
    at D:\K\兵智世界v1.2\backend\src\routes\auth-simple.js:39:38
    at Layer.handle [as handle_request] (D:\K\兵智世界v1.2\backend\node_modules\express\lib\router\layer.js:95:5)
    at next (D:\K\兵智世界v1.2\backend\node_modules\express\lib\router\route.js:149:13)
    at D:\K\兵智世界v1.2\backend\src\middleware\auth.js:27:5
    at D:\K\兵智世界v1.2\backend\node_modules\jsonwebtoken\verify.js:261:12
    at getSecret (D:\K\兵智世界v1.2\backend\node_modules\jsonwebtoken\verify.js:97:14)
2025-07-24 14:13:51 [ERROR]: Error: SQLITE_ERROR: no such column: phone
--> in Database#get('SELECT id, username, email, name, phone, bio, role, status, created_at, last_login, preferences FROM users WHERE id = ?', [ '4' ], [Function (anonymous)])
    at user (D:\K\兵智世界v1.2\backend\src\services\userService-simple.js:163:12)
    at new Promise (<anonymous>)
    at UserService.getUserById (D:\K\兵智世界v1.2\backend\src\services\userService-simple.js:162:26)
    at D:\K\兵智世界v1.2\backend\src\routes\auth-simple.js:39:38
    at Layer.handle [as handle_request] (D:\K\兵智世界v1.2\backend\node_modules\express\lib\router\layer.js:95:5)
    at next (D:\K\兵智世界v1.2\backend\node_modules\express\lib\router\route.js:149:13)
    at D:\K\兵智世界v1.2\backend\src\middleware\auth.js:27:5
    at D:\K\兵智世界v1.2\backend\node_modules\jsonwebtoken\verify.js:261:12
    at getSecret (D:\K\兵智世界v1.2\backend\node_modules\jsonwebtoken\verify.js:97:14)
2025-07-24 14:13:51 [ERROR]: Error: SQLITE_ERROR: no such column: phone
--> in Database#get('SELECT id, username, email, name, phone, bio, role, status, created_at, last_login, preferences FROM users WHERE id = ?', [ '4' ], [Function (anonymous)])
    at user (D:\K\兵智世界v1.2\backend\src\services\userService-simple.js:163:12)
    at new Promise (<anonymous>)
    at UserService.getUserById (D:\K\兵智世界v1.2\backend\src\services\userService-simple.js:162:26)
    at D:\K\兵智世界v1.2\backend\src\routes\auth-simple.js:39:38
    at Layer.handle [as handle_request] (D:\K\兵智世界v1.2\backend\node_modules\express\lib\router\layer.js:95:5)
    at next (D:\K\兵智世界v1.2\backend\node_modules\express\lib\router\route.js:149:13)
    at D:\K\兵智世界v1.2\backend\src\middleware\auth.js:27:5
    at D:\K\兵智世界v1.2\backend\node_modules\jsonwebtoken\verify.js:261:12
    at getSecret (D:\K\兵智世界v1.2\backend\node_modules\jsonwebtoken\verify.js:97:14)
2025-07-24 14:13:52 [ERROR]: Error: SQLITE_ERROR: no such column: phone
--> in Database#get('SELECT id, username, email, name, phone, bio, role, status, created_at, last_login, preferences FROM users WHERE id = ?', [ '4' ], [Function (anonymous)])
    at user (D:\K\兵智世界v1.2\backend\src\services\userService-simple.js:163:12)
    at new Promise (<anonymous>)
    at UserService.getUserById (D:\K\兵智世界v1.2\backend\src\services\userService-simple.js:162:26)
    at D:\K\兵智世界v1.2\backend\src\routes\auth-simple.js:39:38
    at Layer.handle [as handle_request] (D:\K\兵智世界v1.2\backend\node_modules\express\lib\router\layer.js:95:5)
    at next (D:\K\兵智世界v1.2\backend\node_modules\express\lib\router\route.js:149:13)
    at D:\K\兵智世界v1.2\backend\src\middleware\auth.js:27:5
    at D:\K\兵智世界v1.2\backend\node_modules\jsonwebtoken\verify.js:261:12
    at getSecret (D:\K\兵智世界v1.2\backend\node_modules\jsonwebtoken\verify.js:97:14)
2025-07-24 14:13:52 [ERROR]: Error: SQLITE_ERROR: no such column: phone
--> in Database#get('SELECT id, username, email, name, phone, bio, role, status, created_at, last_login, preferences FROM users WHERE id = ?', [ '4' ], [Function (anonymous)])
    at user (D:\K\兵智世界v1.2\backend\src\services\userService-simple.js:163:12)
    at new Promise (<anonymous>)
    at UserService.getUserById (D:\K\兵智世界v1.2\backend\src\services\userService-simple.js:162:26)
    at D:\K\兵智世界v1.2\backend\src\routes\auth-simple.js:39:38
    at Layer.handle [as handle_request] (D:\K\兵智世界v1.2\backend\node_modules\express\lib\router\layer.js:95:5)
    at next (D:\K\兵智世界v1.2\backend\node_modules\express\lib\router\route.js:149:13)
    at D:\K\兵智世界v1.2\backend\src\middleware\auth.js:27:5
    at D:\K\兵智世界v1.2\backend\node_modules\jsonwebtoken\verify.js:261:12
    at getSecret (D:\K\兵智世界v1.2\backend\node_modules\jsonwebtoken\verify.js:97:14)
2025-07-24 14:13:52 [ERROR]: Error: SQLITE_ERROR: no such column: phone
--> in Database#get('SELECT id, username, email, name, phone, bio, role, status, created_at, last_login, preferences FROM users WHERE id = ?', [ '4' ], [Function (anonymous)])
    at user (D:\K\兵智世界v1.2\backend\src\services\userService-simple.js:163:12)
    at new Promise (<anonymous>)
    at UserService.getUserById (D:\K\兵智世界v1.2\backend\src\services\userService-simple.js:162:26)
    at D:\K\兵智世界v1.2\backend\src\routes\auth-simple.js:39:38
    at Layer.handle [as handle_request] (D:\K\兵智世界v1.2\backend\node_modules\express\lib\router\layer.js:95:5)
    at next (D:\K\兵智世界v1.2\backend\node_modules\express\lib\router\route.js:149:13)
    at D:\K\兵智世界v1.2\backend\src\middleware\auth.js:27:5
    at D:\K\兵智世界v1.2\backend\node_modules\jsonwebtoken\verify.js:261:12
    at getSecret (D:\K\兵智世界v1.2\backend\node_modules\jsonwebtoken\verify.js:97:14)
2025-07-24 14:13:52 [ERROR]: Error: SQLITE_ERROR: no such column: phone
--> in Database#get('SELECT id, username, email, name, phone, bio, role, status, created_at, last_login, preferences FROM users WHERE id = ?', [ '4' ], [Function (anonymous)])
    at user (D:\K\兵智世界v1.2\backend\src\services\userService-simple.js:163:12)
    at new Promise (<anonymous>)
    at UserService.getUserById (D:\K\兵智世界v1.2\backend\src\services\userService-simple.js:162:26)
    at D:\K\兵智世界v1.2\backend\src\routes\auth-simple.js:39:38
    at Layer.handle [as handle_request] (D:\K\兵智世界v1.2\backend\node_modules\express\lib\router\layer.js:95:5)
    at next (D:\K\兵智世界v1.2\backend\node_modules\express\lib\router\route.js:149:13)
    at D:\K\兵智世界v1.2\backend\src\middleware\auth.js:27:5
    at D:\K\兵智世界v1.2\backend\node_modules\jsonwebtoken\verify.js:261:12
    at getSecret (D:\K\兵智世界v1.2\backend\node_modules\jsonwebtoken\verify.js:97:14)
2025-07-24 14:13:53 [ERROR]: Error: SQLITE_ERROR: no such column: phone
--> in Database#get('SELECT id, username, email, name, phone, bio, role, status, created_at, last_login, preferences FROM users WHERE id = ?', [ '4' ], [Function (anonymous)])
    at user (D:\K\兵智世界v1.2\backend\src\services\userService-simple.js:163:12)
    at new Promise (<anonymous>)
    at UserService.getUserById (D:\K\兵智世界v1.2\backend\src\services\userService-simple.js:162:26)
    at D:\K\兵智世界v1.2\backend\src\routes\auth-simple.js:39:38
    at Layer.handle [as handle_request] (D:\K\兵智世界v1.2\backend\node_modules\express\lib\router\layer.js:95:5)
    at next (D:\K\兵智世界v1.2\backend\node_modules\express\lib\router\route.js:149:13)
    at D:\K\兵智世界v1.2\backend\src\middleware\auth.js:27:5
    at D:\K\兵智世界v1.2\backend\node_modules\jsonwebtoken\verify.js:261:12
    at getSecret (D:\K\兵智世界v1.2\backend\node_modules\jsonwebtoken\verify.js:97:14)
2025-07-24 14:13:53 [ERROR]: Error: SQLITE_ERROR: no such column: phone
--> in Database#get('SELECT id, username, email, name, phone, bio, role, status, created_at, last_login, preferences FROM users WHERE id = ?', [ '4' ], [Function (anonymous)])
    at user (D:\K\兵智世界v1.2\backend\src\services\userService-simple.js:163:12)
    at new Promise (<anonymous>)
    at UserService.getUserById (D:\K\兵智世界v1.2\backend\src\services\userService-simple.js:162:26)
    at D:\K\兵智世界v1.2\backend\src\routes\auth-simple.js:39:38
    at Layer.handle [as handle_request] (D:\K\兵智世界v1.2\backend\node_modules\express\lib\router\layer.js:95:5)
    at next (D:\K\兵智世界v1.2\backend\node_modules\express\lib\router\route.js:149:13)
    at D:\K\兵智世界v1.2\backend\src\middleware\auth.js:27:5
    at D:\K\兵智世界v1.2\backend\node_modules\jsonwebtoken\verify.js:261:12
    at getSecret (D:\K\兵智世界v1.2\backend\node_modules\jsonwebtoken\verify.js:97:14)
2025-07-24 14:13:53 [ERROR]: Error: SQLITE_ERROR: no such column: phone
--> in Database#get('SELECT id, username, email, name, phone, bio, role, status, created_at, last_login, preferences FROM users WHERE id = ?', [ '4' ], [Function (anonymous)])
    at user (D:\K\兵智世界v1.2\backend\src\services\userService-simple.js:163:12)
    at new Promise (<anonymous>)
    at UserService.getUserById (D:\K\兵智世界v1.2\backend\src\services\userService-simple.js:162:26)
    at D:\K\兵智世界v1.2\backend\src\routes\auth-simple.js:39:38
    at Layer.handle [as handle_request] (D:\K\兵智世界v1.2\backend\node_modules\express\lib\router\layer.js:95:5)
    at next (D:\K\兵智世界v1.2\backend\node_modules\express\lib\router\route.js:149:13)
    at D:\K\兵智世界v1.2\backend\src\middleware\auth.js:27:5
    at D:\K\兵智世界v1.2\backend\node_modules\jsonwebtoken\verify.js:261:12
    at getSecret (D:\K\兵智世界v1.2\backend\node_modules\jsonwebtoken\verify.js:97:14)
2025-07-24 14:13:53 [ERROR]: Error: SQLITE_ERROR: no such column: phone
--> in Database#get('SELECT id, username, email, name, phone, bio, role, status, created_at, last_login, preferences FROM users WHERE id = ?', [ '4' ], [Function (anonymous)])
    at user (D:\K\兵智世界v1.2\backend\src\services\userService-simple.js:163:12)
    at new Promise (<anonymous>)
    at UserService.getUserById (D:\K\兵智世界v1.2\backend\src\services\userService-simple.js:162:26)
    at D:\K\兵智世界v1.2\backend\src\routes\auth-simple.js:39:38
    at Layer.handle [as handle_request] (D:\K\兵智世界v1.2\backend\node_modules\express\lib\router\layer.js:95:5)
    at next (D:\K\兵智世界v1.2\backend\node_modules\express\lib\router\route.js:149:13)
    at D:\K\兵智世界v1.2\backend\src\middleware\auth.js:27:5
    at D:\K\兵智世界v1.2\backend\node_modules\jsonwebtoken\verify.js:261:12
    at getSecret (D:\K\兵智世界v1.2\backend\node_modules\jsonwebtoken\verify.js:97:14)
2025-07-24 14:13:55 [ERROR]: Error: SQLITE_ERROR: no such column: phone
--> in Database#get('SELECT id, username, email, name, phone, bio, role, status, created_at, last_login, preferences FROM users WHERE id = ?', [ '4' ], [Function (anonymous)])
    at user (D:\K\兵智世界v1.2\backend\src\services\userService-simple.js:163:12)
    at new Promise (<anonymous>)
    at UserService.getUserById (D:\K\兵智世界v1.2\backend\src\services\userService-simple.js:162:26)
    at D:\K\兵智世界v1.2\backend\src\routes\auth-simple.js:39:38
    at Layer.handle [as handle_request] (D:\K\兵智世界v1.2\backend\node_modules\express\lib\router\layer.js:95:5)
    at next (D:\K\兵智世界v1.2\backend\node_modules\express\lib\router\route.js:149:13)
    at D:\K\兵智世界v1.2\backend\src\middleware\auth.js:27:5
    at D:\K\兵智世界v1.2\backend\node_modules\jsonwebtoken\verify.js:261:12
    at getSecret (D:\K\兵智世界v1.2\backend\node_modules\jsonwebtoken\verify.js:97:14)
2025-07-24 14:13:55 [ERROR]: Error: SQLITE_ERROR: no such column: phone
--> in Database#get('SELECT id, username, email, name, phone, bio, role, status, created_at, last_login, preferences FROM users WHERE id = ?', [ '4' ], [Function (anonymous)])
    at user (D:\K\兵智世界v1.2\backend\src\services\userService-simple.js:163:12)
    at new Promise (<anonymous>)
    at UserService.getUserById (D:\K\兵智世界v1.2\backend\src\services\userService-simple.js:162:26)
    at D:\K\兵智世界v1.2\backend\src\routes\auth-simple.js:39:38
    at Layer.handle [as handle_request] (D:\K\兵智世界v1.2\backend\node_modules\express\lib\router\layer.js:95:5)
    at next (D:\K\兵智世界v1.2\backend\node_modules\express\lib\router\route.js:149:13)
    at D:\K\兵智世界v1.2\backend\src\middleware\auth.js:27:5
    at D:\K\兵智世界v1.2\backend\node_modules\jsonwebtoken\verify.js:261:12
    at getSecret (D:\K\兵智世界v1.2\backend\node_modules\jsonwebtoken\verify.js:97:14)
2025-07-24 14:13:56 [ERROR]: Error: SQLITE_ERROR: no such column: phone
--> in Database#get('SELECT id, username, email, name, phone, bio, role, status, created_at, last_login, preferences FROM users WHERE id = ?', [ '4' ], [Function (anonymous)])
    at user (D:\K\兵智世界v1.2\backend\src\services\userService-simple.js:163:12)
    at new Promise (<anonymous>)
    at UserService.getUserById (D:\K\兵智世界v1.2\backend\src\services\userService-simple.js:162:26)
    at D:\K\兵智世界v1.2\backend\src\routes\auth-simple.js:39:38
    at Layer.handle [as handle_request] (D:\K\兵智世界v1.2\backend\node_modules\express\lib\router\layer.js:95:5)
    at next (D:\K\兵智世界v1.2\backend\node_modules\express\lib\router\route.js:149:13)
    at D:\K\兵智世界v1.2\backend\src\middleware\auth.js:27:5
    at D:\K\兵智世界v1.2\backend\node_modules\jsonwebtoken\verify.js:261:12
    at getSecret (D:\K\兵智世界v1.2\backend\node_modules\jsonwebtoken\verify.js:97:14)
2025-07-24 14:13:56 [ERROR]: Error: SQLITE_ERROR: no such column: phone
--> in Database#get('SELECT id, username, email, name, phone, bio, role, status, created_at, last_login, preferences FROM users WHERE id = ?', [ '4' ], [Function (anonymous)])
    at user (D:\K\兵智世界v1.2\backend\src\services\userService-simple.js:163:12)
    at new Promise (<anonymous>)
    at UserService.getUserById (D:\K\兵智世界v1.2\backend\src\services\userService-simple.js:162:26)
    at D:\K\兵智世界v1.2\backend\src\routes\auth-simple.js:39:38
    at Layer.handle [as handle_request] (D:\K\兵智世界v1.2\backend\node_modules\express\lib\router\layer.js:95:5)
    at next (D:\K\兵智世界v1.2\backend\node_modules\express\lib\router\route.js:149:13)
    at D:\K\兵智世界v1.2\backend\src\middleware\auth.js:27:5
    at D:\K\兵智世界v1.2\backend\node_modules\jsonwebtoken\verify.js:261:12
    at getSecret (D:\K\兵智世界v1.2\backend\node_modules\jsonwebtoken\verify.js:97:14)
2025-07-24 14:13:58 [ERROR]: Error: SQLITE_ERROR: no such column: phone
--> in Database#get('SELECT id, username, email, name, phone, bio, role, status, created_at, last_login, preferences FROM users WHERE id = ?', [ '4' ], [Function (anonymous)])
    at user (D:\K\兵智世界v1.2\backend\src\services\userService-simple.js:163:12)
    at new Promise (<anonymous>)
    at UserService.getUserById (D:\K\兵智世界v1.2\backend\src\services\userService-simple.js:162:26)
    at D:\K\兵智世界v1.2\backend\src\routes\auth-simple.js:39:38
    at Layer.handle [as handle_request] (D:\K\兵智世界v1.2\backend\node_modules\express\lib\router\layer.js:95:5)
    at next (D:\K\兵智世界v1.2\backend\node_modules\express\lib\router\route.js:149:13)
    at D:\K\兵智世界v1.2\backend\src\middleware\auth.js:27:5
    at D:\K\兵智世界v1.2\backend\node_modules\jsonwebtoken\verify.js:261:12
    at getSecret (D:\K\兵智世界v1.2\backend\node_modules\jsonwebtoken\verify.js:97:14)
2025-07-24 14:13:58 [ERROR]: Error: SQLITE_ERROR: no such column: phone
--> in Database#get('SELECT id, username, email, name, phone, bio, role, status, created_at, last_login, preferences FROM users WHERE id = ?', [ '4' ], [Function (anonymous)])
    at user (D:\K\兵智世界v1.2\backend\src\services\userService-simple.js:163:12)
    at new Promise (<anonymous>)
    at UserService.getUserById (D:\K\兵智世界v1.2\backend\src\services\userService-simple.js:162:26)
    at D:\K\兵智世界v1.2\backend\src\routes\auth-simple.js:39:38
    at Layer.handle [as handle_request] (D:\K\兵智世界v1.2\backend\node_modules\express\lib\router\layer.js:95:5)
    at next (D:\K\兵智世界v1.2\backend\node_modules\express\lib\router\route.js:149:13)
    at D:\K\兵智世界v1.2\backend\src\middleware\auth.js:27:5
    at D:\K\兵智世界v1.2\backend\node_modules\jsonwebtoken\verify.js:261:12
    at getSecret (D:\K\兵智世界v1.2\backend\node_modules\jsonwebtoken\verify.js:97:14)
2025-07-24 14:14:01 [ERROR]: Error: SQLITE_ERROR: no such column: phone
--> in Database#get('SELECT id, username, email, name, phone, bio, role, status, created_at, last_login, preferences FROM users WHERE id = ?', [ '4' ], [Function (anonymous)])
    at user (D:\K\兵智世界v1.2\backend\src\services\userService-simple.js:163:12)
    at new Promise (<anonymous>)
    at UserService.getUserById (D:\K\兵智世界v1.2\backend\src\services\userService-simple.js:162:26)
    at D:\K\兵智世界v1.2\backend\src\routes\auth-simple.js:39:38
    at Layer.handle [as handle_request] (D:\K\兵智世界v1.2\backend\node_modules\express\lib\router\layer.js:95:5)
    at next (D:\K\兵智世界v1.2\backend\node_modules\express\lib\router\route.js:149:13)
    at D:\K\兵智世界v1.2\backend\src\middleware\auth.js:27:5
    at D:\K\兵智世界v1.2\backend\node_modules\jsonwebtoken\verify.js:261:12
    at getSecret (D:\K\兵智世界v1.2\backend\node_modules\jsonwebtoken\verify.js:97:14)
2025-07-24 14:14:01 [ERROR]: Error: SQLITE_ERROR: no such column: phone
--> in Database#get('SELECT id, username, email, name, phone, bio, role, status, created_at, last_login, preferences FROM users WHERE id = ?', [ '4' ], [Function (anonymous)])
    at user (D:\K\兵智世界v1.2\backend\src\services\userService-simple.js:163:12)
    at new Promise (<anonymous>)
    at UserService.getUserById (D:\K\兵智世界v1.2\backend\src\services\userService-simple.js:162:26)
    at D:\K\兵智世界v1.2\backend\src\routes\auth-simple.js:39:38
    at Layer.handle [as handle_request] (D:\K\兵智世界v1.2\backend\node_modules\express\lib\router\layer.js:95:5)
    at next (D:\K\兵智世界v1.2\backend\node_modules\express\lib\router\route.js:149:13)
    at D:\K\兵智世界v1.2\backend\src\middleware\auth.js:27:5
    at D:\K\兵智世界v1.2\backend\node_modules\jsonwebtoken\verify.js:261:12
    at getSecret (D:\K\兵智世界v1.2\backend\node_modules\jsonwebtoken\verify.js:97:14)
2025-07-24 14:14:02 [ERROR]: Error: SQLITE_ERROR: no such column: phone
--> in Database#get('SELECT id, username, email, name, phone, bio, role, status, created_at, last_login, preferences FROM users WHERE id = ?', [ '4' ], [Function (anonymous)])
    at user (D:\K\兵智世界v1.2\backend\src\services\userService-simple.js:163:12)
    at new Promise (<anonymous>)
    at UserService.getUserById (D:\K\兵智世界v1.2\backend\src\services\userService-simple.js:162:26)
    at D:\K\兵智世界v1.2\backend\src\routes\auth-simple.js:39:38
    at Layer.handle [as handle_request] (D:\K\兵智世界v1.2\backend\node_modules\express\lib\router\layer.js:95:5)
    at next (D:\K\兵智世界v1.2\backend\node_modules\express\lib\router\route.js:149:13)
    at D:\K\兵智世界v1.2\backend\src\middleware\auth.js:27:5
    at D:\K\兵智世界v1.2\backend\node_modules\jsonwebtoken\verify.js:261:12
    at getSecret (D:\K\兵智世界v1.2\backend\node_modules\jsonwebtoken\verify.js:97:14)
2025-07-24 14:14:02 [ERROR]: Error: SQLITE_ERROR: no such column: phone
--> in Database#get('SELECT id, username, email, name, phone, bio, role, status, created_at, last_login, preferences FROM users WHERE id = ?', [ '4' ], [Function (anonymous)])
    at user (D:\K\兵智世界v1.2\backend\src\services\userService-simple.js:163:12)
    at new Promise (<anonymous>)
    at UserService.getUserById (D:\K\兵智世界v1.2\backend\src\services\userService-simple.js:162:26)
    at D:\K\兵智世界v1.2\backend\src\routes\auth-simple.js:39:38
    at Layer.handle [as handle_request] (D:\K\兵智世界v1.2\backend\node_modules\express\lib\router\layer.js:95:5)
    at next (D:\K\兵智世界v1.2\backend\node_modules\express\lib\router\route.js:149:13)
    at D:\K\兵智世界v1.2\backend\src\middleware\auth.js:27:5
    at D:\K\兵智世界v1.2\backend\node_modules\jsonwebtoken\verify.js:261:12
    at getSecret (D:\K\兵智世界v1.2\backend\node_modules\jsonwebtoken\verify.js:97:14)
2025-07-24 14:14:03 [ERROR]: Error: SQLITE_ERROR: no such column: phone
--> in Database#get('SELECT id, username, email, name, phone, bio, role, status, created_at, last_login, preferences FROM users WHERE id = ?', [ '4' ], [Function (anonymous)])
    at user (D:\K\兵智世界v1.2\backend\src\services\userService-simple.js:163:12)
    at new Promise (<anonymous>)
    at UserService.getUserById (D:\K\兵智世界v1.2\backend\src\services\userService-simple.js:162:26)
    at D:\K\兵智世界v1.2\backend\src\routes\auth-simple.js:39:38
    at Layer.handle [as handle_request] (D:\K\兵智世界v1.2\backend\node_modules\express\lib\router\layer.js:95:5)
    at next (D:\K\兵智世界v1.2\backend\node_modules\express\lib\router\route.js:149:13)
    at D:\K\兵智世界v1.2\backend\src\middleware\auth.js:27:5
    at D:\K\兵智世界v1.2\backend\node_modules\jsonwebtoken\verify.js:261:12
    at getSecret (D:\K\兵智世界v1.2\backend\node_modules\jsonwebtoken\verify.js:97:14)
2025-07-24 14:14:03 [ERROR]: Error: SQLITE_ERROR: no such column: phone
--> in Database#get('SELECT id, username, email, name, phone, bio, role, status, created_at, last_login, preferences FROM users WHERE id = ?', [ '4' ], [Function (anonymous)])
    at user (D:\K\兵智世界v1.2\backend\src\services\userService-simple.js:163:12)
    at new Promise (<anonymous>)
    at UserService.getUserById (D:\K\兵智世界v1.2\backend\src\services\userService-simple.js:162:26)
    at D:\K\兵智世界v1.2\backend\src\routes\auth-simple.js:39:38
    at Layer.handle [as handle_request] (D:\K\兵智世界v1.2\backend\node_modules\express\lib\router\layer.js:95:5)
    at next (D:\K\兵智世界v1.2\backend\node_modules\express\lib\router\route.js:149:13)
    at D:\K\兵智世界v1.2\backend\src\middleware\auth.js:27:5
    at D:\K\兵智世界v1.2\backend\node_modules\jsonwebtoken\verify.js:261:12
    at getSecret (D:\K\兵智世界v1.2\backend\node_modules\jsonwebtoken\verify.js:97:14)
2025-07-24 14:14:06 [ERROR]: Error: SQLITE_ERROR: no such column: phone
--> in Database#get('SELECT id, username, email, name, phone, bio, role, status, created_at, last_login, preferences FROM users WHERE id = ?', [ '4' ], [Function (anonymous)])
    at user (D:\K\兵智世界v1.2\backend\src\services\userService-simple.js:163:12)
    at new Promise (<anonymous>)
    at UserService.getUserById (D:\K\兵智世界v1.2\backend\src\services\userService-simple.js:162:26)
    at D:\K\兵智世界v1.2\backend\src\routes\auth-simple.js:39:38
    at Layer.handle [as handle_request] (D:\K\兵智世界v1.2\backend\node_modules\express\lib\router\layer.js:95:5)
    at next (D:\K\兵智世界v1.2\backend\node_modules\express\lib\router\route.js:149:13)
    at D:\K\兵智世界v1.2\backend\src\middleware\auth.js:27:5
    at D:\K\兵智世界v1.2\backend\node_modules\jsonwebtoken\verify.js:261:12
    at getSecret (D:\K\兵智世界v1.2\backend\node_modules\jsonwebtoken\verify.js:97:14)
2025-07-24 14:14:06 [ERROR]: Error: SQLITE_ERROR: no such column: phone
--> in Database#get('SELECT id, username, email, name, phone, bio, role, status, created_at, last_login, preferences FROM users WHERE id = ?', [ '4' ], [Function (anonymous)])
    at user (D:\K\兵智世界v1.2\backend\src\services\userService-simple.js:163:12)
    at new Promise (<anonymous>)
    at UserService.getUserById (D:\K\兵智世界v1.2\backend\src\services\userService-simple.js:162:26)
    at D:\K\兵智世界v1.2\backend\src\routes\auth-simple.js:39:38
    at Layer.handle [as handle_request] (D:\K\兵智世界v1.2\backend\node_modules\express\lib\router\layer.js:95:5)
    at next (D:\K\兵智世界v1.2\backend\node_modules\express\lib\router\route.js:149:13)
    at D:\K\兵智世界v1.2\backend\src\middleware\auth.js:27:5
    at D:\K\兵智世界v1.2\backend\node_modules\jsonwebtoken\verify.js:261:12
    at getSecret (D:\K\兵智世界v1.2\backend\node_modules\jsonwebtoken\verify.js:97:14)
2025-07-24 14:14:07 [ERROR]: Error: SQLITE_ERROR: no such column: phone
--> in Database#get('SELECT id, username, email, name, phone, bio, role, status, created_at, last_login, preferences FROM users WHERE id = ?', [ '4' ], [Function (anonymous)])
    at user (D:\K\兵智世界v1.2\backend\src\services\userService-simple.js:163:12)
    at new Promise (<anonymous>)
    at UserService.getUserById (D:\K\兵智世界v1.2\backend\src\services\userService-simple.js:162:26)
    at D:\K\兵智世界v1.2\backend\src\routes\auth-simple.js:39:38
    at Layer.handle [as handle_request] (D:\K\兵智世界v1.2\backend\node_modules\express\lib\router\layer.js:95:5)
    at next (D:\K\兵智世界v1.2\backend\node_modules\express\lib\router\route.js:149:13)
    at D:\K\兵智世界v1.2\backend\src\middleware\auth.js:27:5
    at D:\K\兵智世界v1.2\backend\node_modules\jsonwebtoken\verify.js:261:12
    at getSecret (D:\K\兵智世界v1.2\backend\node_modules\jsonwebtoken\verify.js:97:14)
2025-07-24 14:14:07 [ERROR]: Error: SQLITE_ERROR: no such column: phone
--> in Database#get('SELECT id, username, email, name, phone, bio, role, status, created_at, last_login, preferences FROM users WHERE id = ?', [ '4' ], [Function (anonymous)])
    at user (D:\K\兵智世界v1.2\backend\src\services\userService-simple.js:163:12)
    at new Promise (<anonymous>)
    at UserService.getUserById (D:\K\兵智世界v1.2\backend\src\services\userService-simple.js:162:26)
    at D:\K\兵智世界v1.2\backend\src\routes\auth-simple.js:39:38
    at Layer.handle [as handle_request] (D:\K\兵智世界v1.2\backend\node_modules\express\lib\router\layer.js:95:5)
    at next (D:\K\兵智世界v1.2\backend\node_modules\express\lib\router\route.js:149:13)
    at D:\K\兵智世界v1.2\backend\src\middleware\auth.js:27:5
    at D:\K\兵智世界v1.2\backend\node_modules\jsonwebtoken\verify.js:261:12
    at getSecret (D:\K\兵智世界v1.2\backend\node_modules\jsonwebtoken\verify.js:97:14)
2025-07-24 14:14:08 [ERROR]: Error: SQLITE_ERROR: no such column: phone
--> in Database#get('SELECT id, username, email, name, phone, bio, role, status, created_at, last_login, preferences FROM users WHERE id = ?', [ '4' ], [Function (anonymous)])
    at user (D:\K\兵智世界v1.2\backend\src\services\userService-simple.js:163:12)
    at new Promise (<anonymous>)
    at UserService.getUserById (D:\K\兵智世界v1.2\backend\src\services\userService-simple.js:162:26)
    at D:\K\兵智世界v1.2\backend\src\routes\auth-simple.js:39:38
    at Layer.handle [as handle_request] (D:\K\兵智世界v1.2\backend\node_modules\express\lib\router\layer.js:95:5)
    at next (D:\K\兵智世界v1.2\backend\node_modules\express\lib\router\route.js:149:13)
    at D:\K\兵智世界v1.2\backend\src\middleware\auth.js:27:5
    at D:\K\兵智世界v1.2\backend\node_modules\jsonwebtoken\verify.js:261:12
    at getSecret (D:\K\兵智世界v1.2\backend\node_modules\jsonwebtoken\verify.js:97:14)
2025-07-24 14:14:08 [ERROR]: Error: SQLITE_ERROR: no such column: phone
--> in Database#get('SELECT id, username, email, name, phone, bio, role, status, created_at, last_login, preferences FROM users WHERE id = ?', [ '4' ], [Function (anonymous)])
    at user (D:\K\兵智世界v1.2\backend\src\services\userService-simple.js:163:12)
    at new Promise (<anonymous>)
    at UserService.getUserById (D:\K\兵智世界v1.2\backend\src\services\userService-simple.js:162:26)
    at D:\K\兵智世界v1.2\backend\src\routes\auth-simple.js:39:38
    at Layer.handle [as handle_request] (D:\K\兵智世界v1.2\backend\node_modules\express\lib\router\layer.js:95:5)
    at next (D:\K\兵智世界v1.2\backend\node_modules\express\lib\router\route.js:149:13)
    at D:\K\兵智世界v1.2\backend\src\middleware\auth.js:27:5
    at D:\K\兵智世界v1.2\backend\node_modules\jsonwebtoken\verify.js:261:12
    at getSecret (D:\K\兵智世界v1.2\backend\node_modules\jsonwebtoken\verify.js:97:14)
2025-07-24 14:14:36 [ERROR]: Error: 用户名或邮箱已存在
    at UserService.registerUser (D:\K\兵智世界v1.2\backend\src\services\userService-simple.js:30:15)
    at async D:\K\兵智世界v1.2\backend\src\routes\auth-simple.js:11:20
2025-07-24 14:14:36 [ERROR]: Error: 用户名或邮箱已存在
    at UserService.registerUser (D:\K\兵智世界v1.2\backend\src\services\userService-simple.js:30:15)
    at async D:\K\兵智世界v1.2\backend\src\routes\auth-simple.js:11:20
2025-07-24 14:14:57 [ERROR]: Error: SQLITE_ERROR: no such column: phone
--> in Database#get('SELECT id, username, email, name, phone, bio, role, status, created_at, last_login, preferences FROM users WHERE id = ?', [ '4' ], [Function (anonymous)])
    at user (D:\K\兵智世界v1.2\backend\src\services\userService-simple.js:163:12)
    at new Promise (<anonymous>)
    at UserService.getUserById (D:\K\兵智世界v1.2\backend\src\services\userService-simple.js:162:26)
    at D:\K\兵智世界v1.2\backend\src\routes\auth-simple.js:39:38
    at Layer.handle [as handle_request] (D:\K\兵智世界v1.2\backend\node_modules\express\lib\router\layer.js:95:5)
    at next (D:\K\兵智世界v1.2\backend\node_modules\express\lib\router\route.js:149:13)
    at D:\K\兵智世界v1.2\backend\src\middleware\auth.js:27:5
    at D:\K\兵智世界v1.2\backend\node_modules\jsonwebtoken\verify.js:261:12
    at getSecret (D:\K\兵智世界v1.2\backend\node_modules\jsonwebtoken\verify.js:97:14)
2025-07-24 14:14:57 [ERROR]: Error: SQLITE_ERROR: no such column: phone
--> in Database#get('SELECT id, username, email, name, phone, bio, role, status, created_at, last_login, preferences FROM users WHERE id = ?', [ '4' ], [Function (anonymous)])
    at user (D:\K\兵智世界v1.2\backend\src\services\userService-simple.js:163:12)
    at new Promise (<anonymous>)
    at UserService.getUserById (D:\K\兵智世界v1.2\backend\src\services\userService-simple.js:162:26)
    at D:\K\兵智世界v1.2\backend\src\routes\auth-simple.js:39:38
    at Layer.handle [as handle_request] (D:\K\兵智世界v1.2\backend\node_modules\express\lib\router\layer.js:95:5)
    at next (D:\K\兵智世界v1.2\backend\node_modules\express\lib\router\route.js:149:13)
    at D:\K\兵智世界v1.2\backend\src\middleware\auth.js:27:5
    at D:\K\兵智世界v1.2\backend\node_modules\jsonwebtoken\verify.js:261:12
    at getSecret (D:\K\兵智世界v1.2\backend\node_modules\jsonwebtoken\verify.js:97:14)
2025-07-24 14:14:58 [ERROR]: Error: SQLITE_ERROR: no such column: phone
--> in Database#get('SELECT id, username, email, name, phone, bio, role, status, created_at, last_login, preferences FROM users WHERE id = ?', [ '4' ], [Function (anonymous)])
    at user (D:\K\兵智世界v1.2\backend\src\services\userService-simple.js:163:12)
    at new Promise (<anonymous>)
    at UserService.getUserById (D:\K\兵智世界v1.2\backend\src\services\userService-simple.js:162:26)
    at D:\K\兵智世界v1.2\backend\src\routes\auth-simple.js:39:38
    at Layer.handle [as handle_request] (D:\K\兵智世界v1.2\backend\node_modules\express\lib\router\layer.js:95:5)
    at next (D:\K\兵智世界v1.2\backend\node_modules\express\lib\router\route.js:149:13)
    at D:\K\兵智世界v1.2\backend\src\middleware\auth.js:27:5
    at D:\K\兵智世界v1.2\backend\node_modules\jsonwebtoken\verify.js:261:12
    at getSecret (D:\K\兵智世界v1.2\backend\node_modules\jsonwebtoken\verify.js:97:14)
2025-07-24 14:14:58 [ERROR]: Error: SQLITE_ERROR: no such column: phone
--> in Database#get('SELECT id, username, email, name, phone, bio, role, status, created_at, last_login, preferences FROM users WHERE id = ?', [ '4' ], [Function (anonymous)])
    at user (D:\K\兵智世界v1.2\backend\src\services\userService-simple.js:163:12)
    at new Promise (<anonymous>)
    at UserService.getUserById (D:\K\兵智世界v1.2\backend\src\services\userService-simple.js:162:26)
    at D:\K\兵智世界v1.2\backend\src\routes\auth-simple.js:39:38
    at Layer.handle [as handle_request] (D:\K\兵智世界v1.2\backend\node_modules\express\lib\router\layer.js:95:5)
    at next (D:\K\兵智世界v1.2\backend\node_modules\express\lib\router\route.js:149:13)
    at D:\K\兵智世界v1.2\backend\src\middleware\auth.js:27:5
    at D:\K\兵智世界v1.2\backend\node_modules\jsonwebtoken\verify.js:261:12
    at getSecret (D:\K\兵智世界v1.2\backend\node_modules\jsonwebtoken\verify.js:97:14)
2025-07-24 14:15:13 [ERROR]: Error: SQLITE_ERROR: no such column: phone
--> in Database#get('SELECT id, username, email, name, phone, bio, role, status, created_at, last_login, preferences FROM users WHERE id = ?', [ '4' ], [Function (anonymous)])
    at user (D:\K\兵智世界v1.2\backend\src\services\userService-simple.js:163:12)
    at new Promise (<anonymous>)
    at UserService.getUserById (D:\K\兵智世界v1.2\backend\src\services\userService-simple.js:162:26)
    at D:\K\兵智世界v1.2\backend\src\routes\auth-simple.js:39:38
    at Layer.handle [as handle_request] (D:\K\兵智世界v1.2\backend\node_modules\express\lib\router\layer.js:95:5)
    at next (D:\K\兵智世界v1.2\backend\node_modules\express\lib\router\route.js:149:13)
    at D:\K\兵智世界v1.2\backend\src\middleware\auth.js:27:5
    at D:\K\兵智世界v1.2\backend\node_modules\jsonwebtoken\verify.js:261:12
    at getSecret (D:\K\兵智世界v1.2\backend\node_modules\jsonwebtoken\verify.js:97:14)
2025-07-24 14:15:13 [ERROR]: Error: SQLITE_ERROR: no such column: phone
--> in Database#get('SELECT id, username, email, name, phone, bio, role, status, created_at, last_login, preferences FROM users WHERE id = ?', [ '4' ], [Function (anonymous)])
    at user (D:\K\兵智世界v1.2\backend\src\services\userService-simple.js:163:12)
    at new Promise (<anonymous>)
    at UserService.getUserById (D:\K\兵智世界v1.2\backend\src\services\userService-simple.js:162:26)
    at D:\K\兵智世界v1.2\backend\src\routes\auth-simple.js:39:38
    at Layer.handle [as handle_request] (D:\K\兵智世界v1.2\backend\node_modules\express\lib\router\layer.js:95:5)
    at next (D:\K\兵智世界v1.2\backend\node_modules\express\lib\router\route.js:149:13)
    at D:\K\兵智世界v1.2\backend\src\middleware\auth.js:27:5
    at D:\K\兵智世界v1.2\backend\node_modules\jsonwebtoken\verify.js:261:12
    at getSecret (D:\K\兵智世界v1.2\backend\node_modules\jsonwebtoken\verify.js:97:14)
2025-07-24 14:15:15 [ERROR]: Error: SQLITE_ERROR: no such column: phone
--> in Database#get('SELECT id, username, email, name, phone, bio, role, status, created_at, last_login, preferences FROM users WHERE id = ?', [ '4' ], [Function (anonymous)])
    at user (D:\K\兵智世界v1.2\backend\src\services\userService-simple.js:163:12)
    at new Promise (<anonymous>)
    at UserService.getUserById (D:\K\兵智世界v1.2\backend\src\services\userService-simple.js:162:26)
    at D:\K\兵智世界v1.2\backend\src\routes\auth-simple.js:39:38
    at Layer.handle [as handle_request] (D:\K\兵智世界v1.2\backend\node_modules\express\lib\router\layer.js:95:5)
    at next (D:\K\兵智世界v1.2\backend\node_modules\express\lib\router\route.js:149:13)
    at D:\K\兵智世界v1.2\backend\src\middleware\auth.js:27:5
    at D:\K\兵智世界v1.2\backend\node_modules\jsonwebtoken\verify.js:261:12
    at getSecret (D:\K\兵智世界v1.2\backend\node_modules\jsonwebtoken\verify.js:97:14)
2025-07-24 14:15:15 [ERROR]: Error: SQLITE_ERROR: no such column: phone
--> in Database#get('SELECT id, username, email, name, phone, bio, role, status, created_at, last_login, preferences FROM users WHERE id = ?', [ '4' ], [Function (anonymous)])
    at user (D:\K\兵智世界v1.2\backend\src\services\userService-simple.js:163:12)
    at new Promise (<anonymous>)
    at UserService.getUserById (D:\K\兵智世界v1.2\backend\src\services\userService-simple.js:162:26)
    at D:\K\兵智世界v1.2\backend\src\routes\auth-simple.js:39:38
    at Layer.handle [as handle_request] (D:\K\兵智世界v1.2\backend\node_modules\express\lib\router\layer.js:95:5)
    at next (D:\K\兵智世界v1.2\backend\node_modules\express\lib\router\route.js:149:13)
    at D:\K\兵智世界v1.2\backend\src\middleware\auth.js:27:5
    at D:\K\兵智世界v1.2\backend\node_modules\jsonwebtoken\verify.js:261:12
    at getSecret (D:\K\兵智世界v1.2\backend\node_modules\jsonwebtoken\verify.js:97:14)
2025-07-24 14:15:16 [ERROR]: Error: SQLITE_ERROR: no such column: phone
--> in Database#get('SELECT id, username, email, name, phone, bio, role, status, created_at, last_login, preferences FROM users WHERE id = ?', [ '4' ], [Function (anonymous)])
    at user (D:\K\兵智世界v1.2\backend\src\services\userService-simple.js:163:12)
    at new Promise (<anonymous>)
    at UserService.getUserById (D:\K\兵智世界v1.2\backend\src\services\userService-simple.js:162:26)
    at D:\K\兵智世界v1.2\backend\src\routes\auth-simple.js:39:38
    at Layer.handle [as handle_request] (D:\K\兵智世界v1.2\backend\node_modules\express\lib\router\layer.js:95:5)
    at next (D:\K\兵智世界v1.2\backend\node_modules\express\lib\router\route.js:149:13)
    at D:\K\兵智世界v1.2\backend\src\middleware\auth.js:27:5
    at D:\K\兵智世界v1.2\backend\node_modules\jsonwebtoken\verify.js:261:12
    at getSecret (D:\K\兵智世界v1.2\backend\node_modules\jsonwebtoken\verify.js:97:14)
2025-07-24 14:15:16 [ERROR]: Error: SQLITE_ERROR: no such column: phone
--> in Database#get('SELECT id, username, email, name, phone, bio, role, status, created_at, last_login, preferences FROM users WHERE id = ?', [ '4' ], [Function (anonymous)])
    at user (D:\K\兵智世界v1.2\backend\src\services\userService-simple.js:163:12)
    at new Promise (<anonymous>)
    at UserService.getUserById (D:\K\兵智世界v1.2\backend\src\services\userService-simple.js:162:26)
    at D:\K\兵智世界v1.2\backend\src\routes\auth-simple.js:39:38
    at Layer.handle [as handle_request] (D:\K\兵智世界v1.2\backend\node_modules\express\lib\router\layer.js:95:5)
    at next (D:\K\兵智世界v1.2\backend\node_modules\express\lib\router\route.js:149:13)
    at D:\K\兵智世界v1.2\backend\src\middleware\auth.js:27:5
    at D:\K\兵智世界v1.2\backend\node_modules\jsonwebtoken\verify.js:261:12
    at getSecret (D:\K\兵智世界v1.2\backend\node_modules\jsonwebtoken\verify.js:97:14)
2025-07-24 14:15:17 [ERROR]: Error: SQLITE_ERROR: no such column: phone
--> in Database#get('SELECT id, username, email, name, phone, bio, role, status, created_at, last_login, preferences FROM users WHERE id = ?', [ '4' ], [Function (anonymous)])
    at user (D:\K\兵智世界v1.2\backend\src\services\userService-simple.js:163:12)
    at new Promise (<anonymous>)
    at UserService.getUserById (D:\K\兵智世界v1.2\backend\src\services\userService-simple.js:162:26)
    at D:\K\兵智世界v1.2\backend\src\routes\auth-simple.js:39:38
    at Layer.handle [as handle_request] (D:\K\兵智世界v1.2\backend\node_modules\express\lib\router\layer.js:95:5)
    at next (D:\K\兵智世界v1.2\backend\node_modules\express\lib\router\route.js:149:13)
    at D:\K\兵智世界v1.2\backend\src\middleware\auth.js:27:5
    at D:\K\兵智世界v1.2\backend\node_modules\jsonwebtoken\verify.js:261:12
    at getSecret (D:\K\兵智世界v1.2\backend\node_modules\jsonwebtoken\verify.js:97:14)
2025-07-24 14:15:17 [ERROR]: Error: SQLITE_ERROR: no such column: phone
--> in Database#get('SELECT id, username, email, name, phone, bio, role, status, created_at, last_login, preferences FROM users WHERE id = ?', [ '4' ], [Function (anonymous)])
    at user (D:\K\兵智世界v1.2\backend\src\services\userService-simple.js:163:12)
    at new Promise (<anonymous>)
    at UserService.getUserById (D:\K\兵智世界v1.2\backend\src\services\userService-simple.js:162:26)
    at D:\K\兵智世界v1.2\backend\src\routes\auth-simple.js:39:38
    at Layer.handle [as handle_request] (D:\K\兵智世界v1.2\backend\node_modules\express\lib\router\layer.js:95:5)
    at next (D:\K\兵智世界v1.2\backend\node_modules\express\lib\router\route.js:149:13)
    at D:\K\兵智世界v1.2\backend\src\middleware\auth.js:27:5
    at D:\K\兵智世界v1.2\backend\node_modules\jsonwebtoken\verify.js:261:12
    at getSecret (D:\K\兵智世界v1.2\backend\node_modules\jsonwebtoken\verify.js:97:14)
2025-07-24 14:15:22 [ERROR]: Error: SQLITE_ERROR: no such column: phone
--> in Database#get('SELECT id, username, email, name, phone, bio, role, status, created_at, last_login, preferences FROM users WHERE id = ?', [ '4' ], [Function (anonymous)])
    at user (D:\K\兵智世界v1.2\backend\src\services\userService-simple.js:163:12)
    at new Promise (<anonymous>)
    at UserService.getUserById (D:\K\兵智世界v1.2\backend\src\services\userService-simple.js:162:26)
    at D:\K\兵智世界v1.2\backend\src\routes\auth-simple.js:39:38
    at Layer.handle [as handle_request] (D:\K\兵智世界v1.2\backend\node_modules\express\lib\router\layer.js:95:5)
    at next (D:\K\兵智世界v1.2\backend\node_modules\express\lib\router\route.js:149:13)
    at D:\K\兵智世界v1.2\backend\src\middleware\auth.js:27:5
    at D:\K\兵智世界v1.2\backend\node_modules\jsonwebtoken\verify.js:261:12
    at getSecret (D:\K\兵智世界v1.2\backend\node_modules\jsonwebtoken\verify.js:97:14)
2025-07-24 14:15:22 [ERROR]: Error: SQLITE_ERROR: no such column: phone
--> in Database#get('SELECT id, username, email, name, phone, bio, role, status, created_at, last_login, preferences FROM users WHERE id = ?', [ '4' ], [Function (anonymous)])
    at user (D:\K\兵智世界v1.2\backend\src\services\userService-simple.js:163:12)
    at new Promise (<anonymous>)
    at UserService.getUserById (D:\K\兵智世界v1.2\backend\src\services\userService-simple.js:162:26)
    at D:\K\兵智世界v1.2\backend\src\routes\auth-simple.js:39:38
    at Layer.handle [as handle_request] (D:\K\兵智世界v1.2\backend\node_modules\express\lib\router\layer.js:95:5)
    at next (D:\K\兵智世界v1.2\backend\node_modules\express\lib\router\route.js:149:13)
    at D:\K\兵智世界v1.2\backend\src\middleware\auth.js:27:5
    at D:\K\兵智世界v1.2\backend\node_modules\jsonwebtoken\verify.js:261:12
    at getSecret (D:\K\兵智世界v1.2\backend\node_modules\jsonwebtoken\verify.js:97:14)
2025-07-24 14:15:23 [ERROR]: Error: SQLITE_ERROR: no such column: phone
--> in Database#get('SELECT id, username, email, name, phone, bio, role, status, created_at, last_login, preferences FROM users WHERE id = ?', [ '4' ], [Function (anonymous)])
    at user (D:\K\兵智世界v1.2\backend\src\services\userService-simple.js:163:12)
    at new Promise (<anonymous>)
    at UserService.getUserById (D:\K\兵智世界v1.2\backend\src\services\userService-simple.js:162:26)
    at D:\K\兵智世界v1.2\backend\src\routes\auth-simple.js:39:38
    at Layer.handle [as handle_request] (D:\K\兵智世界v1.2\backend\node_modules\express\lib\router\layer.js:95:5)
    at next (D:\K\兵智世界v1.2\backend\node_modules\express\lib\router\route.js:149:13)
    at D:\K\兵智世界v1.2\backend\src\middleware\auth.js:27:5
    at D:\K\兵智世界v1.2\backend\node_modules\jsonwebtoken\verify.js:261:12
    at getSecret (D:\K\兵智世界v1.2\backend\node_modules\jsonwebtoken\verify.js:97:14)
2025-07-24 14:15:23 [ERROR]: Error: SQLITE_ERROR: no such column: phone
--> in Database#get('SELECT id, username, email, name, phone, bio, role, status, created_at, last_login, preferences FROM users WHERE id = ?', [ '4' ], [Function (anonymous)])
    at user (D:\K\兵智世界v1.2\backend\src\services\userService-simple.js:163:12)
    at new Promise (<anonymous>)
    at UserService.getUserById (D:\K\兵智世界v1.2\backend\src\services\userService-simple.js:162:26)
    at D:\K\兵智世界v1.2\backend\src\routes\auth-simple.js:39:38
    at Layer.handle [as handle_request] (D:\K\兵智世界v1.2\backend\node_modules\express\lib\router\layer.js:95:5)
    at next (D:\K\兵智世界v1.2\backend\node_modules\express\lib\router\route.js:149:13)
    at D:\K\兵智世界v1.2\backend\src\middleware\auth.js:27:5
    at D:\K\兵智世界v1.2\backend\node_modules\jsonwebtoken\verify.js:261:12
    at getSecret (D:\K\兵智世界v1.2\backend\node_modules\jsonwebtoken\verify.js:97:14)
2025-07-24 14:15:24 [ERROR]: Error: SQLITE_ERROR: no such column: phone
--> in Database#get('SELECT id, username, email, name, phone, bio, role, status, created_at, last_login, preferences FROM users WHERE id = ?', [ '4' ], [Function (anonymous)])
    at user (D:\K\兵智世界v1.2\backend\src\services\userService-simple.js:163:12)
    at new Promise (<anonymous>)
    at UserService.getUserById (D:\K\兵智世界v1.2\backend\src\services\userService-simple.js:162:26)
    at D:\K\兵智世界v1.2\backend\src\routes\auth-simple.js:39:38
    at Layer.handle [as handle_request] (D:\K\兵智世界v1.2\backend\node_modules\express\lib\router\layer.js:95:5)
    at next (D:\K\兵智世界v1.2\backend\node_modules\express\lib\router\route.js:149:13)
    at D:\K\兵智世界v1.2\backend\src\middleware\auth.js:27:5
    at D:\K\兵智世界v1.2\backend\node_modules\jsonwebtoken\verify.js:261:12
    at getSecret (D:\K\兵智世界v1.2\backend\node_modules\jsonwebtoken\verify.js:97:14)
2025-07-24 14:15:24 [ERROR]: Error: SQLITE_ERROR: no such column: phone
--> in Database#get('SELECT id, username, email, name, phone, bio, role, status, created_at, last_login, preferences FROM users WHERE id = ?', [ '4' ], [Function (anonymous)])
    at user (D:\K\兵智世界v1.2\backend\src\services\userService-simple.js:163:12)
    at new Promise (<anonymous>)
    at UserService.getUserById (D:\K\兵智世界v1.2\backend\src\services\userService-simple.js:162:26)
    at D:\K\兵智世界v1.2\backend\src\routes\auth-simple.js:39:38
    at Layer.handle [as handle_request] (D:\K\兵智世界v1.2\backend\node_modules\express\lib\router\layer.js:95:5)
    at next (D:\K\兵智世界v1.2\backend\node_modules\express\lib\router\route.js:149:13)
    at D:\K\兵智世界v1.2\backend\src\middleware\auth.js:27:5
    at D:\K\兵智世界v1.2\backend\node_modules\jsonwebtoken\verify.js:261:12
    at getSecret (D:\K\兵智世界v1.2\backend\node_modules\jsonwebtoken\verify.js:97:14)
2025-07-24 14:15:25 [ERROR]: Error: SQLITE_ERROR: no such column: phone
--> in Database#get('SELECT id, username, email, name, phone, bio, role, status, created_at, last_login, preferences FROM users WHERE id = ?', [ '4' ], [Function (anonymous)])
    at user (D:\K\兵智世界v1.2\backend\src\services\userService-simple.js:163:12)
    at new Promise (<anonymous>)
    at UserService.getUserById (D:\K\兵智世界v1.2\backend\src\services\userService-simple.js:162:26)
    at D:\K\兵智世界v1.2\backend\src\routes\auth-simple.js:39:38
    at Layer.handle [as handle_request] (D:\K\兵智世界v1.2\backend\node_modules\express\lib\router\layer.js:95:5)
    at next (D:\K\兵智世界v1.2\backend\node_modules\express\lib\router\route.js:149:13)
    at D:\K\兵智世界v1.2\backend\src\middleware\auth.js:27:5
    at D:\K\兵智世界v1.2\backend\node_modules\jsonwebtoken\verify.js:261:12
    at getSecret (D:\K\兵智世界v1.2\backend\node_modules\jsonwebtoken\verify.js:97:14)
2025-07-24 14:15:25 [ERROR]: Error: SQLITE_ERROR: no such column: phone
--> in Database#get('SELECT id, username, email, name, phone, bio, role, status, created_at, last_login, preferences FROM users WHERE id = ?', [ '4' ], [Function (anonymous)])
    at user (D:\K\兵智世界v1.2\backend\src\services\userService-simple.js:163:12)
    at new Promise (<anonymous>)
    at UserService.getUserById (D:\K\兵智世界v1.2\backend\src\services\userService-simple.js:162:26)
    at D:\K\兵智世界v1.2\backend\src\routes\auth-simple.js:39:38
    at Layer.handle [as handle_request] (D:\K\兵智世界v1.2\backend\node_modules\express\lib\router\layer.js:95:5)
    at next (D:\K\兵智世界v1.2\backend\node_modules\express\lib\router\route.js:149:13)
    at D:\K\兵智世界v1.2\backend\src\middleware\auth.js:27:5
    at D:\K\兵智世界v1.2\backend\node_modules\jsonwebtoken\verify.js:261:12
    at getSecret (D:\K\兵智世界v1.2\backend\node_modules\jsonwebtoken\verify.js:97:14)
2025-07-24 14:15:26 [ERROR]: Error: SQLITE_ERROR: no such column: phone
--> in Database#get('SELECT id, username, email, name, phone, bio, role, status, created_at, last_login, preferences FROM users WHERE id = ?', [ '4' ], [Function (anonymous)])
    at user (D:\K\兵智世界v1.2\backend\src\services\userService-simple.js:163:12)
    at new Promise (<anonymous>)
    at UserService.getUserById (D:\K\兵智世界v1.2\backend\src\services\userService-simple.js:162:26)
    at D:\K\兵智世界v1.2\backend\src\routes\auth-simple.js:39:38
    at Layer.handle [as handle_request] (D:\K\兵智世界v1.2\backend\node_modules\express\lib\router\layer.js:95:5)
    at next (D:\K\兵智世界v1.2\backend\node_modules\express\lib\router\route.js:149:13)
    at D:\K\兵智世界v1.2\backend\src\middleware\auth.js:27:5
    at D:\K\兵智世界v1.2\backend\node_modules\jsonwebtoken\verify.js:261:12
    at getSecret (D:\K\兵智世界v1.2\backend\node_modules\jsonwebtoken\verify.js:97:14)
2025-07-24 14:15:26 [ERROR]: Error: SQLITE_ERROR: no such column: phone
--> in Database#get('SELECT id, username, email, name, phone, bio, role, status, created_at, last_login, preferences FROM users WHERE id = ?', [ '4' ], [Function (anonymous)])
    at user (D:\K\兵智世界v1.2\backend\src\services\userService-simple.js:163:12)
    at new Promise (<anonymous>)
    at UserService.getUserById (D:\K\兵智世界v1.2\backend\src\services\userService-simple.js:162:26)
    at D:\K\兵智世界v1.2\backend\src\routes\auth-simple.js:39:38
    at Layer.handle [as handle_request] (D:\K\兵智世界v1.2\backend\node_modules\express\lib\router\layer.js:95:5)
    at next (D:\K\兵智世界v1.2\backend\node_modules\express\lib\router\route.js:149:13)
    at D:\K\兵智世界v1.2\backend\src\middleware\auth.js:27:5
    at D:\K\兵智世界v1.2\backend\node_modules\jsonwebtoken\verify.js:261:12
    at getSecret (D:\K\兵智世界v1.2\backend\node_modules\jsonwebtoken\verify.js:97:14)
2025-07-24 14:15:27 [ERROR]: Error: SQLITE_ERROR: no such column: phone
--> in Database#get('SELECT id, username, email, name, phone, bio, role, status, created_at, last_login, preferences FROM users WHERE id = ?', [ '4' ], [Function (anonymous)])
    at user (D:\K\兵智世界v1.2\backend\src\services\userService-simple.js:163:12)
    at new Promise (<anonymous>)
    at UserService.getUserById (D:\K\兵智世界v1.2\backend\src\services\userService-simple.js:162:26)
    at D:\K\兵智世界v1.2\backend\src\routes\auth-simple.js:39:38
    at Layer.handle [as handle_request] (D:\K\兵智世界v1.2\backend\node_modules\express\lib\router\layer.js:95:5)
    at next (D:\K\兵智世界v1.2\backend\node_modules\express\lib\router\route.js:149:13)
    at D:\K\兵智世界v1.2\backend\src\middleware\auth.js:27:5
    at D:\K\兵智世界v1.2\backend\node_modules\jsonwebtoken\verify.js:261:12
    at getSecret (D:\K\兵智世界v1.2\backend\node_modules\jsonwebtoken\verify.js:97:14)
2025-07-24 14:15:27 [ERROR]: Error: SQLITE_ERROR: no such column: phone
--> in Database#get('SELECT id, username, email, name, phone, bio, role, status, created_at, last_login, preferences FROM users WHERE id = ?', [ '4' ], [Function (anonymous)])
    at user (D:\K\兵智世界v1.2\backend\src\services\userService-simple.js:163:12)
    at new Promise (<anonymous>)
    at UserService.getUserById (D:\K\兵智世界v1.2\backend\src\services\userService-simple.js:162:26)
    at D:\K\兵智世界v1.2\backend\src\routes\auth-simple.js:39:38
    at Layer.handle [as handle_request] (D:\K\兵智世界v1.2\backend\node_modules\express\lib\router\layer.js:95:5)
    at next (D:\K\兵智世界v1.2\backend\node_modules\express\lib\router\route.js:149:13)
    at D:\K\兵智世界v1.2\backend\src\middleware\auth.js:27:5
    at D:\K\兵智世界v1.2\backend\node_modules\jsonwebtoken\verify.js:261:12
    at getSecret (D:\K\兵智世界v1.2\backend\node_modules\jsonwebtoken\verify.js:97:14)
2025-07-24 14:15:28 [ERROR]: Error: SQLITE_ERROR: no such column: phone
--> in Database#get('SELECT id, username, email, name, phone, bio, role, status, created_at, last_login, preferences FROM users WHERE id = ?', [ '4' ], [Function (anonymous)])
    at user (D:\K\兵智世界v1.2\backend\src\services\userService-simple.js:163:12)
    at new Promise (<anonymous>)
    at UserService.getUserById (D:\K\兵智世界v1.2\backend\src\services\userService-simple.js:162:26)
    at D:\K\兵智世界v1.2\backend\src\routes\auth-simple.js:39:38
    at Layer.handle [as handle_request] (D:\K\兵智世界v1.2\backend\node_modules\express\lib\router\layer.js:95:5)
    at next (D:\K\兵智世界v1.2\backend\node_modules\express\lib\router\route.js:149:13)
    at D:\K\兵智世界v1.2\backend\src\middleware\auth.js:27:5
    at D:\K\兵智世界v1.2\backend\node_modules\jsonwebtoken\verify.js:261:12
    at getSecret (D:\K\兵智世界v1.2\backend\node_modules\jsonwebtoken\verify.js:97:14)
2025-07-24 14:15:28 [ERROR]: Error: SQLITE_ERROR: no such column: phone
--> in Database#get('SELECT id, username, email, name, phone, bio, role, status, created_at, last_login, preferences FROM users WHERE id = ?', [ '4' ], [Function (anonymous)])
    at user (D:\K\兵智世界v1.2\backend\src\services\userService-simple.js:163:12)
    at new Promise (<anonymous>)
    at UserService.getUserById (D:\K\兵智世界v1.2\backend\src\services\userService-simple.js:162:26)
    at D:\K\兵智世界v1.2\backend\src\routes\auth-simple.js:39:38
    at Layer.handle [as handle_request] (D:\K\兵智世界v1.2\backend\node_modules\express\lib\router\layer.js:95:5)
    at next (D:\K\兵智世界v1.2\backend\node_modules\express\lib\router\route.js:149:13)
    at D:\K\兵智世界v1.2\backend\src\middleware\auth.js:27:5
    at D:\K\兵智世界v1.2\backend\node_modules\jsonwebtoken\verify.js:261:12
    at getSecret (D:\K\兵智世界v1.2\backend\node_modules\jsonwebtoken\verify.js:97:14)
2025-07-24 14:15:28 [ERROR]: Error: SQLITE_ERROR: no such column: phone
--> in Database#get('SELECT id, username, email, name, phone, bio, role, status, created_at, last_login, preferences FROM users WHERE id = ?', [ '4' ], [Function (anonymous)])
    at user (D:\K\兵智世界v1.2\backend\src\services\userService-simple.js:163:12)
    at new Promise (<anonymous>)
    at UserService.getUserById (D:\K\兵智世界v1.2\backend\src\services\userService-simple.js:162:26)
    at D:\K\兵智世界v1.2\backend\src\routes\auth-simple.js:39:38
    at Layer.handle [as handle_request] (D:\K\兵智世界v1.2\backend\node_modules\express\lib\router\layer.js:95:5)
    at next (D:\K\兵智世界v1.2\backend\node_modules\express\lib\router\route.js:149:13)
    at D:\K\兵智世界v1.2\backend\src\middleware\auth.js:27:5
    at D:\K\兵智世界v1.2\backend\node_modules\jsonwebtoken\verify.js:261:12
    at getSecret (D:\K\兵智世界v1.2\backend\node_modules\jsonwebtoken\verify.js:97:14)
2025-07-24 14:15:28 [ERROR]: Error: SQLITE_ERROR: no such column: phone
--> in Database#get('SELECT id, username, email, name, phone, bio, role, status, created_at, last_login, preferences FROM users WHERE id = ?', [ '4' ], [Function (anonymous)])
    at user (D:\K\兵智世界v1.2\backend\src\services\userService-simple.js:163:12)
    at new Promise (<anonymous>)
    at UserService.getUserById (D:\K\兵智世界v1.2\backend\src\services\userService-simple.js:162:26)
    at D:\K\兵智世界v1.2\backend\src\routes\auth-simple.js:39:38
    at Layer.handle [as handle_request] (D:\K\兵智世界v1.2\backend\node_modules\express\lib\router\layer.js:95:5)
    at next (D:\K\兵智世界v1.2\backend\node_modules\express\lib\router\route.js:149:13)
    at D:\K\兵智世界v1.2\backend\src\middleware\auth.js:27:5
    at D:\K\兵智世界v1.2\backend\node_modules\jsonwebtoken\verify.js:261:12
    at getSecret (D:\K\兵智世界v1.2\backend\node_modules\jsonwebtoken\verify.js:97:14)
2025-07-24 14:15:28 [ERROR]: Error: SQLITE_ERROR: no such column: phone
--> in Database#get('SELECT id, username, email, name, phone, bio, role, status, created_at, last_login, preferences FROM users WHERE id = ?', [ '4' ], [Function (anonymous)])
    at user (D:\K\兵智世界v1.2\backend\src\services\userService-simple.js:163:12)
    at new Promise (<anonymous>)
    at UserService.getUserById (D:\K\兵智世界v1.2\backend\src\services\userService-simple.js:162:26)
    at D:\K\兵智世界v1.2\backend\src\routes\auth-simple.js:39:38
    at Layer.handle [as handle_request] (D:\K\兵智世界v1.2\backend\node_modules\express\lib\router\layer.js:95:5)
    at next (D:\K\兵智世界v1.2\backend\node_modules\express\lib\router\route.js:149:13)
    at D:\K\兵智世界v1.2\backend\src\middleware\auth.js:27:5
    at D:\K\兵智世界v1.2\backend\node_modules\jsonwebtoken\verify.js:261:12
    at getSecret (D:\K\兵智世界v1.2\backend\node_modules\jsonwebtoken\verify.js:97:14)
2025-07-24 14:15:28 [ERROR]: Error: SQLITE_ERROR: no such column: phone
--> in Database#get('SELECT id, username, email, name, phone, bio, role, status, created_at, last_login, preferences FROM users WHERE id = ?', [ '4' ], [Function (anonymous)])
    at user (D:\K\兵智世界v1.2\backend\src\services\userService-simple.js:163:12)
    at new Promise (<anonymous>)
    at UserService.getUserById (D:\K\兵智世界v1.2\backend\src\services\userService-simple.js:162:26)
    at D:\K\兵智世界v1.2\backend\src\routes\auth-simple.js:39:38
    at Layer.handle [as handle_request] (D:\K\兵智世界v1.2\backend\node_modules\express\lib\router\layer.js:95:5)
    at next (D:\K\兵智世界v1.2\backend\node_modules\express\lib\router\route.js:149:13)
    at D:\K\兵智世界v1.2\backend\src\middleware\auth.js:27:5
    at D:\K\兵智世界v1.2\backend\node_modules\jsonwebtoken\verify.js:261:12
    at getSecret (D:\K\兵智世界v1.2\backend\node_modules\jsonwebtoken\verify.js:97:14)
2025-07-24 14:15:30 [ERROR]: Error: SQLITE_ERROR: no such column: phone
--> in Database#get('SELECT id, username, email, name, phone, bio, role, status, created_at, last_login, preferences FROM users WHERE id = ?', [ '4' ], [Function (anonymous)])
    at user (D:\K\兵智世界v1.2\backend\src\services\userService-simple.js:163:12)
    at new Promise (<anonymous>)
    at UserService.getUserById (D:\K\兵智世界v1.2\backend\src\services\userService-simple.js:162:26)
    at D:\K\兵智世界v1.2\backend\src\routes\auth-simple.js:39:38
    at Layer.handle [as handle_request] (D:\K\兵智世界v1.2\backend\node_modules\express\lib\router\layer.js:95:5)
    at next (D:\K\兵智世界v1.2\backend\node_modules\express\lib\router\route.js:149:13)
    at D:\K\兵智世界v1.2\backend\src\middleware\auth.js:27:5
    at D:\K\兵智世界v1.2\backend\node_modules\jsonwebtoken\verify.js:261:12
    at getSecret (D:\K\兵智世界v1.2\backend\node_modules\jsonwebtoken\verify.js:97:14)
2025-07-24 14:15:30 [ERROR]: Error: SQLITE_ERROR: no such column: phone
--> in Database#get('SELECT id, username, email, name, phone, bio, role, status, created_at, last_login, preferences FROM users WHERE id = ?', [ '4' ], [Function (anonymous)])
    at user (D:\K\兵智世界v1.2\backend\src\services\userService-simple.js:163:12)
    at new Promise (<anonymous>)
    at UserService.getUserById (D:\K\兵智世界v1.2\backend\src\services\userService-simple.js:162:26)
    at D:\K\兵智世界v1.2\backend\src\routes\auth-simple.js:39:38
    at Layer.handle [as handle_request] (D:\K\兵智世界v1.2\backend\node_modules\express\lib\router\layer.js:95:5)
    at next (D:\K\兵智世界v1.2\backend\node_modules\express\lib\router\route.js:149:13)
    at D:\K\兵智世界v1.2\backend\src\middleware\auth.js:27:5
    at D:\K\兵智世界v1.2\backend\node_modules\jsonwebtoken\verify.js:261:12
    at getSecret (D:\K\兵智世界v1.2\backend\node_modules\jsonwebtoken\verify.js:97:14)
2025-07-24 14:15:31 [ERROR]: Error: SQLITE_ERROR: no such column: phone
--> in Database#get('SELECT id, username, email, name, phone, bio, role, status, created_at, last_login, preferences FROM users WHERE id = ?', [ '4' ], [Function (anonymous)])
    at user (D:\K\兵智世界v1.2\backend\src\services\userService-simple.js:163:12)
    at new Promise (<anonymous>)
    at UserService.getUserById (D:\K\兵智世界v1.2\backend\src\services\userService-simple.js:162:26)
    at D:\K\兵智世界v1.2\backend\src\routes\auth-simple.js:39:38
    at Layer.handle [as handle_request] (D:\K\兵智世界v1.2\backend\node_modules\express\lib\router\layer.js:95:5)
    at next (D:\K\兵智世界v1.2\backend\node_modules\express\lib\router\route.js:149:13)
    at D:\K\兵智世界v1.2\backend\src\middleware\auth.js:27:5
    at D:\K\兵智世界v1.2\backend\node_modules\jsonwebtoken\verify.js:261:12
    at getSecret (D:\K\兵智世界v1.2\backend\node_modules\jsonwebtoken\verify.js:97:14)
2025-07-24 14:15:31 [ERROR]: Error: SQLITE_ERROR: no such column: phone
--> in Database#get('SELECT id, username, email, name, phone, bio, role, status, created_at, last_login, preferences FROM users WHERE id = ?', [ '4' ], [Function (anonymous)])
    at user (D:\K\兵智世界v1.2\backend\src\services\userService-simple.js:163:12)
    at new Promise (<anonymous>)
    at UserService.getUserById (D:\K\兵智世界v1.2\backend\src\services\userService-simple.js:162:26)
    at D:\K\兵智世界v1.2\backend\src\routes\auth-simple.js:39:38
    at Layer.handle [as handle_request] (D:\K\兵智世界v1.2\backend\node_modules\express\lib\router\layer.js:95:5)
    at next (D:\K\兵智世界v1.2\backend\node_modules\express\lib\router\route.js:149:13)
    at D:\K\兵智世界v1.2\backend\src\middleware\auth.js:27:5
    at D:\K\兵智世界v1.2\backend\node_modules\jsonwebtoken\verify.js:261:12
    at getSecret (D:\K\兵智世界v1.2\backend\node_modules\jsonwebtoken\verify.js:97:14)
2025-07-24 14:16:16 [ERROR]: Error: SQLITE_ERROR: no such column: phone
--> in Database#get('SELECT id, username, email, name, phone, bio, role, status, created_at, last_login, preferences FROM users WHERE id = ?', [ '4' ], [Function (anonymous)])
    at user (D:\K\兵智世界v1.2\backend\src\services\userService-simple.js:163:12)
    at new Promise (<anonymous>)
    at UserService.getUserById (D:\K\兵智世界v1.2\backend\src\services\userService-simple.js:162:26)
    at D:\K\兵智世界v1.2\backend\src\routes\auth-simple.js:39:38
    at Layer.handle [as handle_request] (D:\K\兵智世界v1.2\backend\node_modules\express\lib\router\layer.js:95:5)
    at next (D:\K\兵智世界v1.2\backend\node_modules\express\lib\router\route.js:149:13)
    at D:\K\兵智世界v1.2\backend\src\middleware\auth.js:27:5
    at D:\K\兵智世界v1.2\backend\node_modules\jsonwebtoken\verify.js:261:12
    at getSecret (D:\K\兵智世界v1.2\backend\node_modules\jsonwebtoken\verify.js:97:14)
2025-07-24 14:16:16 [ERROR]: Error: SQLITE_ERROR: no such column: phone
--> in Database#get('SELECT id, username, email, name, phone, bio, role, status, created_at, last_login, preferences FROM users WHERE id = ?', [ '4' ], [Function (anonymous)])
    at user (D:\K\兵智世界v1.2\backend\src\services\userService-simple.js:163:12)
    at new Promise (<anonymous>)
    at UserService.getUserById (D:\K\兵智世界v1.2\backend\src\services\userService-simple.js:162:26)
    at D:\K\兵智世界v1.2\backend\src\routes\auth-simple.js:39:38
    at Layer.handle [as handle_request] (D:\K\兵智世界v1.2\backend\node_modules\express\lib\router\layer.js:95:5)
    at next (D:\K\兵智世界v1.2\backend\node_modules\express\lib\router\route.js:149:13)
    at D:\K\兵智世界v1.2\backend\src\middleware\auth.js:27:5
    at D:\K\兵智世界v1.2\backend\node_modules\jsonwebtoken\verify.js:261:12
    at getSecret (D:\K\兵智世界v1.2\backend\node_modules\jsonwebtoken\verify.js:97:14)
2025-07-24 14:16:20 [ERROR]: Error: SQLITE_ERROR: no such column: phone
--> in Database#get('SELECT id, username, email, name, phone, bio, role, status, created_at, last_login, preferences FROM users WHERE id = ?', [ '4' ], [Function (anonymous)])
    at user (D:\K\兵智世界v1.2\backend\src\services\userService-simple.js:163:12)
    at new Promise (<anonymous>)
    at UserService.getUserById (D:\K\兵智世界v1.2\backend\src\services\userService-simple.js:162:26)
    at D:\K\兵智世界v1.2\backend\src\routes\auth-simple.js:39:38
    at Layer.handle [as handle_request] (D:\K\兵智世界v1.2\backend\node_modules\express\lib\router\layer.js:95:5)
    at next (D:\K\兵智世界v1.2\backend\node_modules\express\lib\router\route.js:149:13)
    at D:\K\兵智世界v1.2\backend\src\middleware\auth.js:27:5
    at D:\K\兵智世界v1.2\backend\node_modules\jsonwebtoken\verify.js:261:12
    at getSecret (D:\K\兵智世界v1.2\backend\node_modules\jsonwebtoken\verify.js:97:14)
2025-07-24 14:16:20 [ERROR]: Error: SQLITE_ERROR: no such column: phone
--> in Database#get('SELECT id, username, email, name, phone, bio, role, status, created_at, last_login, preferences FROM users WHERE id = ?', [ '4' ], [Function (anonymous)])
    at user (D:\K\兵智世界v1.2\backend\src\services\userService-simple.js:163:12)
    at new Promise (<anonymous>)
    at UserService.getUserById (D:\K\兵智世界v1.2\backend\src\services\userService-simple.js:162:26)
    at D:\K\兵智世界v1.2\backend\src\routes\auth-simple.js:39:38
    at Layer.handle [as handle_request] (D:\K\兵智世界v1.2\backend\node_modules\express\lib\router\layer.js:95:5)
    at next (D:\K\兵智世界v1.2\backend\node_modules\express\lib\router\route.js:149:13)
    at D:\K\兵智世界v1.2\backend\src\middleware\auth.js:27:5
    at D:\K\兵智世界v1.2\backend\node_modules\jsonwebtoken\verify.js:261:12
    at getSecret (D:\K\兵智世界v1.2\backend\node_modules\jsonwebtoken\verify.js:97:14)
2025-07-24 14:16:21 [ERROR]: Error: SQLITE_ERROR: no such column: phone
--> in Database#get('SELECT id, username, email, name, phone, bio, role, status, created_at, last_login, preferences FROM users WHERE id = ?', [ '4' ], [Function (anonymous)])
    at user (D:\K\兵智世界v1.2\backend\src\services\userService-simple.js:163:12)
    at new Promise (<anonymous>)
    at UserService.getUserById (D:\K\兵智世界v1.2\backend\src\services\userService-simple.js:162:26)
    at D:\K\兵智世界v1.2\backend\src\routes\auth-simple.js:39:38
    at Layer.handle [as handle_request] (D:\K\兵智世界v1.2\backend\node_modules\express\lib\router\layer.js:95:5)
    at next (D:\K\兵智世界v1.2\backend\node_modules\express\lib\router\route.js:149:13)
    at D:\K\兵智世界v1.2\backend\src\middleware\auth.js:27:5
    at D:\K\兵智世界v1.2\backend\node_modules\jsonwebtoken\verify.js:261:12
    at getSecret (D:\K\兵智世界v1.2\backend\node_modules\jsonwebtoken\verify.js:97:14)
2025-07-24 14:16:21 [ERROR]: Error: SQLITE_ERROR: no such column: phone
--> in Database#get('SELECT id, username, email, name, phone, bio, role, status, created_at, last_login, preferences FROM users WHERE id = ?', [ '4' ], [Function (anonymous)])
    at user (D:\K\兵智世界v1.2\backend\src\services\userService-simple.js:163:12)
    at new Promise (<anonymous>)
    at UserService.getUserById (D:\K\兵智世界v1.2\backend\src\services\userService-simple.js:162:26)
    at D:\K\兵智世界v1.2\backend\src\routes\auth-simple.js:39:38
    at Layer.handle [as handle_request] (D:\K\兵智世界v1.2\backend\node_modules\express\lib\router\layer.js:95:5)
    at next (D:\K\兵智世界v1.2\backend\node_modules\express\lib\router\route.js:149:13)
    at D:\K\兵智世界v1.2\backend\src\middleware\auth.js:27:5
    at D:\K\兵智世界v1.2\backend\node_modules\jsonwebtoken\verify.js:261:12
    at getSecret (D:\K\兵智世界v1.2\backend\node_modules\jsonwebtoken\verify.js:97:14)
2025-07-24 14:16:28 [ERROR]: Error: SQLITE_ERROR: no such column: phone
--> in Database#get('SELECT id, username, email, name, phone, bio, role, status, created_at, last_login, preferences FROM users WHERE id = ?', [ '4' ], [Function (anonymous)])
    at user (D:\K\兵智世界v1.2\backend\src\services\userService-simple.js:163:12)
    at new Promise (<anonymous>)
    at UserService.getUserById (D:\K\兵智世界v1.2\backend\src\services\userService-simple.js:162:26)
    at D:\K\兵智世界v1.2\backend\src\routes\auth-simple.js:39:38
    at Layer.handle [as handle_request] (D:\K\兵智世界v1.2\backend\node_modules\express\lib\router\layer.js:95:5)
    at next (D:\K\兵智世界v1.2\backend\node_modules\express\lib\router\route.js:149:13)
    at D:\K\兵智世界v1.2\backend\src\middleware\auth.js:27:5
    at D:\K\兵智世界v1.2\backend\node_modules\jsonwebtoken\verify.js:261:12
    at getSecret (D:\K\兵智世界v1.2\backend\node_modules\jsonwebtoken\verify.js:97:14)
2025-07-24 14:16:28 [ERROR]: Error: SQLITE_ERROR: no such column: phone
--> in Database#get('SELECT id, username, email, name, phone, bio, role, status, created_at, last_login, preferences FROM users WHERE id = ?', [ '4' ], [Function (anonymous)])
    at user (D:\K\兵智世界v1.2\backend\src\services\userService-simple.js:163:12)
    at new Promise (<anonymous>)
    at UserService.getUserById (D:\K\兵智世界v1.2\backend\src\services\userService-simple.js:162:26)
    at D:\K\兵智世界v1.2\backend\src\routes\auth-simple.js:39:38
    at Layer.handle [as handle_request] (D:\K\兵智世界v1.2\backend\node_modules\express\lib\router\layer.js:95:5)
    at next (D:\K\兵智世界v1.2\backend\node_modules\express\lib\router\route.js:149:13)
    at D:\K\兵智世界v1.2\backend\src\middleware\auth.js:27:5
    at D:\K\兵智世界v1.2\backend\node_modules\jsonwebtoken\verify.js:261:12
    at getSecret (D:\K\兵智世界v1.2\backend\node_modules\jsonwebtoken\verify.js:97:14)
2025-07-24 14:16:56 [ERROR]: Error: SQLITE_ERROR: no such column: phone
--> in Database#get('SELECT id, username, email, name, phone, bio, role, status, created_at, last_login, preferences FROM users WHERE id = ?', [ '4' ], [Function (anonymous)])
    at user (D:\K\兵智世界v1.2\backend\src\services\userService-simple.js:163:12)
    at new Promise (<anonymous>)
    at UserService.getUserById (D:\K\兵智世界v1.2\backend\src\services\userService-simple.js:162:26)
    at D:\K\兵智世界v1.2\backend\src\routes\auth-simple.js:39:38
    at Layer.handle [as handle_request] (D:\K\兵智世界v1.2\backend\node_modules\express\lib\router\layer.js:95:5)
    at next (D:\K\兵智世界v1.2\backend\node_modules\express\lib\router\route.js:149:13)
    at D:\K\兵智世界v1.2\backend\src\middleware\auth.js:27:5
    at D:\K\兵智世界v1.2\backend\node_modules\jsonwebtoken\verify.js:261:12
    at getSecret (D:\K\兵智世界v1.2\backend\node_modules\jsonwebtoken\verify.js:97:14)
2025-07-24 14:16:56 [ERROR]: Error: SQLITE_ERROR: no such column: phone
--> in Database#get('SELECT id, username, email, name, phone, bio, role, status, created_at, last_login, preferences FROM users WHERE id = ?', [ '4' ], [Function (anonymous)])
    at user (D:\K\兵智世界v1.2\backend\src\services\userService-simple.js:163:12)
    at new Promise (<anonymous>)
    at UserService.getUserById (D:\K\兵智世界v1.2\backend\src\services\userService-simple.js:162:26)
    at D:\K\兵智世界v1.2\backend\src\routes\auth-simple.js:39:38
    at Layer.handle [as handle_request] (D:\K\兵智世界v1.2\backend\node_modules\express\lib\router\layer.js:95:5)
    at next (D:\K\兵智世界v1.2\backend\node_modules\express\lib\router\route.js:149:13)
    at D:\K\兵智世界v1.2\backend\src\middleware\auth.js:27:5
    at D:\K\兵智世界v1.2\backend\node_modules\jsonwebtoken\verify.js:261:12
    at getSecret (D:\K\兵智世界v1.2\backend\node_modules\jsonwebtoken\verify.js:97:14)
2025-07-24 14:17:01 [ERROR]: Error: SQLITE_ERROR: no such column: phone
--> in Database#get('SELECT id, username, email, name, phone, bio, role, status, created_at, last_login, preferences FROM users WHERE id = ?', [ '4' ], [Function (anonymous)])
    at user (D:\K\兵智世界v1.2\backend\src\services\userService-simple.js:163:12)
    at new Promise (<anonymous>)
    at UserService.getUserById (D:\K\兵智世界v1.2\backend\src\services\userService-simple.js:162:26)
    at D:\K\兵智世界v1.2\backend\src\routes\auth-simple.js:39:38
    at Layer.handle [as handle_request] (D:\K\兵智世界v1.2\backend\node_modules\express\lib\router\layer.js:95:5)
    at next (D:\K\兵智世界v1.2\backend\node_modules\express\lib\router\route.js:149:13)
    at D:\K\兵智世界v1.2\backend\src\middleware\auth.js:27:5
    at D:\K\兵智世界v1.2\backend\node_modules\jsonwebtoken\verify.js:261:12
    at getSecret (D:\K\兵智世界v1.2\backend\node_modules\jsonwebtoken\verify.js:97:14)
2025-07-24 14:17:01 [ERROR]: Error: SQLITE_ERROR: no such column: phone
--> in Database#get('SELECT id, username, email, name, phone, bio, role, status, created_at, last_login, preferences FROM users WHERE id = ?', [ '4' ], [Function (anonymous)])
    at user (D:\K\兵智世界v1.2\backend\src\services\userService-simple.js:163:12)
    at new Promise (<anonymous>)
    at UserService.getUserById (D:\K\兵智世界v1.2\backend\src\services\userService-simple.js:162:26)
    at D:\K\兵智世界v1.2\backend\src\routes\auth-simple.js:39:38
    at Layer.handle [as handle_request] (D:\K\兵智世界v1.2\backend\node_modules\express\lib\router\layer.js:95:5)
    at next (D:\K\兵智世界v1.2\backend\node_modules\express\lib\router\route.js:149:13)
    at D:\K\兵智世界v1.2\backend\src\middleware\auth.js:27:5
    at D:\K\兵智世界v1.2\backend\node_modules\jsonwebtoken\verify.js:261:12
    at getSecret (D:\K\兵智世界v1.2\backend\node_modules\jsonwebtoken\verify.js:97:14)
2025-07-24 14:17:19 [ERROR]: Error: SQLITE_ERROR: no such column: phone
--> in Database#get('SELECT id, username, email, name, phone, bio, role, status, created_at, last_login, preferences FROM users WHERE id = ?', [ '4' ], [Function (anonymous)])
    at user (D:\K\兵智世界v1.2\backend\src\services\userService-simple.js:163:12)
    at new Promise (<anonymous>)
    at UserService.getUserById (D:\K\兵智世界v1.2\backend\src\services\userService-simple.js:162:26)
    at D:\K\兵智世界v1.2\backend\src\routes\auth-simple.js:39:38
    at Layer.handle [as handle_request] (D:\K\兵智世界v1.2\backend\node_modules\express\lib\router\layer.js:95:5)
    at next (D:\K\兵智世界v1.2\backend\node_modules\express\lib\router\route.js:149:13)
    at D:\K\兵智世界v1.2\backend\src\middleware\auth.js:27:5
    at D:\K\兵智世界v1.2\backend\node_modules\jsonwebtoken\verify.js:261:12
    at getSecret (D:\K\兵智世界v1.2\backend\node_modules\jsonwebtoken\verify.js:97:14)
2025-07-24 14:17:19 [ERROR]: Error: SQLITE_ERROR: no such column: phone
--> in Database#get('SELECT id, username, email, name, phone, bio, role, status, created_at, last_login, preferences FROM users WHERE id = ?', [ '4' ], [Function (anonymous)])
    at user (D:\K\兵智世界v1.2\backend\src\services\userService-simple.js:163:12)
    at new Promise (<anonymous>)
    at UserService.getUserById (D:\K\兵智世界v1.2\backend\src\services\userService-simple.js:162:26)
    at D:\K\兵智世界v1.2\backend\src\routes\auth-simple.js:39:38
    at Layer.handle [as handle_request] (D:\K\兵智世界v1.2\backend\node_modules\express\lib\router\layer.js:95:5)
    at next (D:\K\兵智世界v1.2\backend\node_modules\express\lib\router\route.js:149:13)
    at D:\K\兵智世界v1.2\backend\src\middleware\auth.js:27:5
    at D:\K\兵智世界v1.2\backend\node_modules\jsonwebtoken\verify.js:261:12
    at getSecret (D:\K\兵智世界v1.2\backend\node_modules\jsonwebtoken\verify.js:97:14)
2025-07-24 14:17:20 [ERROR]: Error: SQLITE_ERROR: no such column: phone
--> in Database#get('SELECT id, username, email, name, phone, bio, role, status, created_at, last_login, preferences FROM users WHERE id = ?', [ '4' ], [Function (anonymous)])
    at user (D:\K\兵智世界v1.2\backend\src\services\userService-simple.js:163:12)
    at new Promise (<anonymous>)
    at UserService.getUserById (D:\K\兵智世界v1.2\backend\src\services\userService-simple.js:162:26)
    at D:\K\兵智世界v1.2\backend\src\routes\auth-simple.js:39:38
    at Layer.handle [as handle_request] (D:\K\兵智世界v1.2\backend\node_modules\express\lib\router\layer.js:95:5)
    at next (D:\K\兵智世界v1.2\backend\node_modules\express\lib\router\route.js:149:13)
    at D:\K\兵智世界v1.2\backend\src\middleware\auth.js:27:5
    at D:\K\兵智世界v1.2\backend\node_modules\jsonwebtoken\verify.js:261:12
    at getSecret (D:\K\兵智世界v1.2\backend\node_modules\jsonwebtoken\verify.js:97:14)
2025-07-24 14:17:20 [ERROR]: Error: SQLITE_ERROR: no such column: phone
--> in Database#get('SELECT id, username, email, name, phone, bio, role, status, created_at, last_login, preferences FROM users WHERE id = ?', [ '4' ], [Function (anonymous)])
    at user (D:\K\兵智世界v1.2\backend\src\services\userService-simple.js:163:12)
    at new Promise (<anonymous>)
    at UserService.getUserById (D:\K\兵智世界v1.2\backend\src\services\userService-simple.js:162:26)
    at D:\K\兵智世界v1.2\backend\src\routes\auth-simple.js:39:38
    at Layer.handle [as handle_request] (D:\K\兵智世界v1.2\backend\node_modules\express\lib\router\layer.js:95:5)
    at next (D:\K\兵智世界v1.2\backend\node_modules\express\lib\router\route.js:149:13)
    at D:\K\兵智世界v1.2\backend\src\middleware\auth.js:27:5
    at D:\K\兵智世界v1.2\backend\node_modules\jsonwebtoken\verify.js:261:12
    at getSecret (D:\K\兵智世界v1.2\backend\node_modules\jsonwebtoken\verify.js:97:14)
2025-07-24 14:17:46 [ERROR]: Error: SQLITE_ERROR: no such column: phone
--> in Database#get('SELECT id, username, email, name, phone, bio, role, status, created_at, last_login, preferences FROM users WHERE id = ?', [ '4' ], [Function (anonymous)])
    at user (D:\K\兵智世界v1.2\backend\src\services\userService-simple.js:163:12)
    at new Promise (<anonymous>)
    at UserService.getUserById (D:\K\兵智世界v1.2\backend\src\services\userService-simple.js:162:26)
    at D:\K\兵智世界v1.2\backend\src\routes\auth-simple.js:39:38
    at Layer.handle [as handle_request] (D:\K\兵智世界v1.2\backend\node_modules\express\lib\router\layer.js:95:5)
    at next (D:\K\兵智世界v1.2\backend\node_modules\express\lib\router\route.js:149:13)
    at D:\K\兵智世界v1.2\backend\src\middleware\auth.js:27:5
    at D:\K\兵智世界v1.2\backend\node_modules\jsonwebtoken\verify.js:261:12
    at getSecret (D:\K\兵智世界v1.2\backend\node_modules\jsonwebtoken\verify.js:97:14)
2025-07-24 14:17:46 [ERROR]: Error: SQLITE_ERROR: no such column: phone
--> in Database#get('SELECT id, username, email, name, phone, bio, role, status, created_at, last_login, preferences FROM users WHERE id = ?', [ '4' ], [Function (anonymous)])
    at user (D:\K\兵智世界v1.2\backend\src\services\userService-simple.js:163:12)
    at new Promise (<anonymous>)
    at UserService.getUserById (D:\K\兵智世界v1.2\backend\src\services\userService-simple.js:162:26)
    at D:\K\兵智世界v1.2\backend\src\routes\auth-simple.js:39:38
    at Layer.handle [as handle_request] (D:\K\兵智世界v1.2\backend\node_modules\express\lib\router\layer.js:95:5)
    at next (D:\K\兵智世界v1.2\backend\node_modules\express\lib\router\route.js:149:13)
    at D:\K\兵智世界v1.2\backend\src\middleware\auth.js:27:5
    at D:\K\兵智世界v1.2\backend\node_modules\jsonwebtoken\verify.js:261:12
    at getSecret (D:\K\兵智世界v1.2\backend\node_modules\jsonwebtoken\verify.js:97:14)
2025-07-24 14:17:46 [ERROR]: Error: SQLITE_ERROR: no such column: phone
--> in Database#get('SELECT id, username, email, name, phone, bio, role, status, created_at, last_login, preferences FROM users WHERE id = ?', [ '4' ], [Function (anonymous)])
    at user (D:\K\兵智世界v1.2\backend\src\services\userService-simple.js:163:12)
    at new Promise (<anonymous>)
    at UserService.getUserById (D:\K\兵智世界v1.2\backend\src\services\userService-simple.js:162:26)
    at D:\K\兵智世界v1.2\backend\src\routes\auth-simple.js:39:38
    at Layer.handle [as handle_request] (D:\K\兵智世界v1.2\backend\node_modules\express\lib\router\layer.js:95:5)
    at next (D:\K\兵智世界v1.2\backend\node_modules\express\lib\router\route.js:149:13)
    at D:\K\兵智世界v1.2\backend\src\middleware\auth.js:27:5
    at D:\K\兵智世界v1.2\backend\node_modules\jsonwebtoken\verify.js:261:12
    at getSecret (D:\K\兵智世界v1.2\backend\node_modules\jsonwebtoken\verify.js:97:14)
2025-07-24 14:17:46 [ERROR]: Error: SQLITE_ERROR: no such column: phone
--> in Database#get('SELECT id, username, email, name, phone, bio, role, status, created_at, last_login, preferences FROM users WHERE id = ?', [ '4' ], [Function (anonymous)])
    at user (D:\K\兵智世界v1.2\backend\src\services\userService-simple.js:163:12)
    at new Promise (<anonymous>)
    at UserService.getUserById (D:\K\兵智世界v1.2\backend\src\services\userService-simple.js:162:26)
    at D:\K\兵智世界v1.2\backend\src\routes\auth-simple.js:39:38
    at Layer.handle [as handle_request] (D:\K\兵智世界v1.2\backend\node_modules\express\lib\router\layer.js:95:5)
    at next (D:\K\兵智世界v1.2\backend\node_modules\express\lib\router\route.js:149:13)
    at D:\K\兵智世界v1.2\backend\src\middleware\auth.js:27:5
    at D:\K\兵智世界v1.2\backend\node_modules\jsonwebtoken\verify.js:261:12
    at getSecret (D:\K\兵智世界v1.2\backend\node_modules\jsonwebtoken\verify.js:97:14)
2025-07-24 14:17:46 [ERROR]: Error: SQLITE_ERROR: no such column: phone
--> in Database#get('SELECT id, username, email, name, phone, bio, role, status, created_at, last_login, preferences FROM users WHERE id = ?', [ '4' ], [Function (anonymous)])
    at user (D:\K\兵智世界v1.2\backend\src\services\userService-simple.js:163:12)
    at new Promise (<anonymous>)
    at UserService.getUserById (D:\K\兵智世界v1.2\backend\src\services\userService-simple.js:162:26)
    at D:\K\兵智世界v1.2\backend\src\routes\auth-simple.js:39:38
    at Layer.handle [as handle_request] (D:\K\兵智世界v1.2\backend\node_modules\express\lib\router\layer.js:95:5)
    at next (D:\K\兵智世界v1.2\backend\node_modules\express\lib\router\route.js:149:13)
    at D:\K\兵智世界v1.2\backend\src\middleware\auth.js:27:5
    at D:\K\兵智世界v1.2\backend\node_modules\jsonwebtoken\verify.js:261:12
    at getSecret (D:\K\兵智世界v1.2\backend\node_modules\jsonwebtoken\verify.js:97:14)
2025-07-24 14:17:46 [ERROR]: Error: SQLITE_ERROR: no such column: phone
--> in Database#get('SELECT id, username, email, name, phone, bio, role, status, created_at, last_login, preferences FROM users WHERE id = ?', [ '4' ], [Function (anonymous)])
    at user (D:\K\兵智世界v1.2\backend\src\services\userService-simple.js:163:12)
    at new Promise (<anonymous>)
    at UserService.getUserById (D:\K\兵智世界v1.2\backend\src\services\userService-simple.js:162:26)
    at D:\K\兵智世界v1.2\backend\src\routes\auth-simple.js:39:38
    at Layer.handle [as handle_request] (D:\K\兵智世界v1.2\backend\node_modules\express\lib\router\layer.js:95:5)
    at next (D:\K\兵智世界v1.2\backend\node_modules\express\lib\router\route.js:149:13)
    at D:\K\兵智世界v1.2\backend\src\middleware\auth.js:27:5
    at D:\K\兵智世界v1.2\backend\node_modules\jsonwebtoken\verify.js:261:12
    at getSecret (D:\K\兵智世界v1.2\backend\node_modules\jsonwebtoken\verify.js:97:14)
2025-07-24 14:17:47 [ERROR]: Error: SQLITE_ERROR: no such column: phone
--> in Database#get('SELECT id, username, email, name, phone, bio, role, status, created_at, last_login, preferences FROM users WHERE id = ?', [ '4' ], [Function (anonymous)])
    at user (D:\K\兵智世界v1.2\backend\src\services\userService-simple.js:163:12)
    at new Promise (<anonymous>)
    at UserService.getUserById (D:\K\兵智世界v1.2\backend\src\services\userService-simple.js:162:26)
    at D:\K\兵智世界v1.2\backend\src\routes\auth-simple.js:39:38
    at Layer.handle [as handle_request] (D:\K\兵智世界v1.2\backend\node_modules\express\lib\router\layer.js:95:5)
    at next (D:\K\兵智世界v1.2\backend\node_modules\express\lib\router\route.js:149:13)
    at D:\K\兵智世界v1.2\backend\src\middleware\auth.js:27:5
    at D:\K\兵智世界v1.2\backend\node_modules\jsonwebtoken\verify.js:261:12
    at getSecret (D:\K\兵智世界v1.2\backend\node_modules\jsonwebtoken\verify.js:97:14)
2025-07-24 14:17:47 [ERROR]: Error: SQLITE_ERROR: no such column: phone
--> in Database#get('SELECT id, username, email, name, phone, bio, role, status, created_at, last_login, preferences FROM users WHERE id = ?', [ '4' ], [Function (anonymous)])
    at user (D:\K\兵智世界v1.2\backend\src\services\userService-simple.js:163:12)
    at new Promise (<anonymous>)
    at UserService.getUserById (D:\K\兵智世界v1.2\backend\src\services\userService-simple.js:162:26)
    at D:\K\兵智世界v1.2\backend\src\routes\auth-simple.js:39:38
    at Layer.handle [as handle_request] (D:\K\兵智世界v1.2\backend\node_modules\express\lib\router\layer.js:95:5)
    at next (D:\K\兵智世界v1.2\backend\node_modules\express\lib\router\route.js:149:13)
    at D:\K\兵智世界v1.2\backend\src\middleware\auth.js:27:5
    at D:\K\兵智世界v1.2\backend\node_modules\jsonwebtoken\verify.js:261:12
    at getSecret (D:\K\兵智世界v1.2\backend\node_modules\jsonwebtoken\verify.js:97:14)
2025-07-24 14:17:47 [ERROR]: Error: SQLITE_ERROR: no such column: phone
--> in Database#get('SELECT id, username, email, name, phone, bio, role, status, created_at, last_login, preferences FROM users WHERE id = ?', [ '4' ], [Function (anonymous)])
    at user (D:\K\兵智世界v1.2\backend\src\services\userService-simple.js:163:12)
    at new Promise (<anonymous>)
    at UserService.getUserById (D:\K\兵智世界v1.2\backend\src\services\userService-simple.js:162:26)
    at D:\K\兵智世界v1.2\backend\src\routes\auth-simple.js:39:38
    at Layer.handle [as handle_request] (D:\K\兵智世界v1.2\backend\node_modules\express\lib\router\layer.js:95:5)
    at next (D:\K\兵智世界v1.2\backend\node_modules\express\lib\router\route.js:149:13)
    at D:\K\兵智世界v1.2\backend\src\middleware\auth.js:27:5
    at D:\K\兵智世界v1.2\backend\node_modules\jsonwebtoken\verify.js:261:12
    at getSecret (D:\K\兵智世界v1.2\backend\node_modules\jsonwebtoken\verify.js:97:14)
2025-07-24 14:17:47 [ERROR]: Error: SQLITE_ERROR: no such column: phone
--> in Database#get('SELECT id, username, email, name, phone, bio, role, status, created_at, last_login, preferences FROM users WHERE id = ?', [ '4' ], [Function (anonymous)])
    at user (D:\K\兵智世界v1.2\backend\src\services\userService-simple.js:163:12)
    at new Promise (<anonymous>)
    at UserService.getUserById (D:\K\兵智世界v1.2\backend\src\services\userService-simple.js:162:26)
    at D:\K\兵智世界v1.2\backend\src\routes\auth-simple.js:39:38
    at Layer.handle [as handle_request] (D:\K\兵智世界v1.2\backend\node_modules\express\lib\router\layer.js:95:5)
    at next (D:\K\兵智世界v1.2\backend\node_modules\express\lib\router\route.js:149:13)
    at D:\K\兵智世界v1.2\backend\src\middleware\auth.js:27:5
    at D:\K\兵智世界v1.2\backend\node_modules\jsonwebtoken\verify.js:261:12
    at getSecret (D:\K\兵智世界v1.2\backend\node_modules\jsonwebtoken\verify.js:97:14)
2025-07-24 14:17:47 [ERROR]: Error: SQLITE_ERROR: no such column: phone
--> in Database#get('SELECT id, username, email, name, phone, bio, role, status, created_at, last_login, preferences FROM users WHERE id = ?', [ '4' ], [Function (anonymous)])
    at user (D:\K\兵智世界v1.2\backend\src\services\userService-simple.js:163:12)
    at new Promise (<anonymous>)
    at UserService.getUserById (D:\K\兵智世界v1.2\backend\src\services\userService-simple.js:162:26)
    at D:\K\兵智世界v1.2\backend\src\routes\auth-simple.js:39:38
    at Layer.handle [as handle_request] (D:\K\兵智世界v1.2\backend\node_modules\express\lib\router\layer.js:95:5)
    at next (D:\K\兵智世界v1.2\backend\node_modules\express\lib\router\route.js:149:13)
    at D:\K\兵智世界v1.2\backend\src\middleware\auth.js:27:5
    at D:\K\兵智世界v1.2\backend\node_modules\jsonwebtoken\verify.js:261:12
    at getSecret (D:\K\兵智世界v1.2\backend\node_modules\jsonwebtoken\verify.js:97:14)
2025-07-24 14:17:47 [ERROR]: Error: SQLITE_ERROR: no such column: phone
--> in Database#get('SELECT id, username, email, name, phone, bio, role, status, created_at, last_login, preferences FROM users WHERE id = ?', [ '4' ], [Function (anonymous)])
    at user (D:\K\兵智世界v1.2\backend\src\services\userService-simple.js:163:12)
    at new Promise (<anonymous>)
    at UserService.getUserById (D:\K\兵智世界v1.2\backend\src\services\userService-simple.js:162:26)
    at D:\K\兵智世界v1.2\backend\src\routes\auth-simple.js:39:38
    at Layer.handle [as handle_request] (D:\K\兵智世界v1.2\backend\node_modules\express\lib\router\layer.js:95:5)
    at next (D:\K\兵智世界v1.2\backend\node_modules\express\lib\router\route.js:149:13)
    at D:\K\兵智世界v1.2\backend\src\middleware\auth.js:27:5
    at D:\K\兵智世界v1.2\backend\node_modules\jsonwebtoken\verify.js:261:12
    at getSecret (D:\K\兵智世界v1.2\backend\node_modules\jsonwebtoken\verify.js:97:14)
2025-07-24 14:17:47 [ERROR]: Error: SQLITE_ERROR: no such column: phone
--> in Database#get('SELECT id, username, email, name, phone, bio, role, status, created_at, last_login, preferences FROM users WHERE id = ?', [ '4' ], [Function (anonymous)])
    at user (D:\K\兵智世界v1.2\backend\src\services\userService-simple.js:163:12)
    at new Promise (<anonymous>)
    at UserService.getUserById (D:\K\兵智世界v1.2\backend\src\services\userService-simple.js:162:26)
    at D:\K\兵智世界v1.2\backend\src\routes\auth-simple.js:39:38
    at Layer.handle [as handle_request] (D:\K\兵智世界v1.2\backend\node_modules\express\lib\router\layer.js:95:5)
    at next (D:\K\兵智世界v1.2\backend\node_modules\express\lib\router\route.js:149:13)
    at D:\K\兵智世界v1.2\backend\src\middleware\auth.js:27:5
    at D:\K\兵智世界v1.2\backend\node_modules\jsonwebtoken\verify.js:261:12
    at getSecret (D:\K\兵智世界v1.2\backend\node_modules\jsonwebtoken\verify.js:97:14)
2025-07-24 14:17:47 [ERROR]: Error: SQLITE_ERROR: no such column: phone
--> in Database#get('SELECT id, username, email, name, phone, bio, role, status, created_at, last_login, preferences FROM users WHERE id = ?', [ '4' ], [Function (anonymous)])
    at user (D:\K\兵智世界v1.2\backend\src\services\userService-simple.js:163:12)
    at new Promise (<anonymous>)
    at UserService.getUserById (D:\K\兵智世界v1.2\backend\src\services\userService-simple.js:162:26)
    at D:\K\兵智世界v1.2\backend\src\routes\auth-simple.js:39:38
    at Layer.handle [as handle_request] (D:\K\兵智世界v1.2\backend\node_modules\express\lib\router\layer.js:95:5)
    at next (D:\K\兵智世界v1.2\backend\node_modules\express\lib\router\route.js:149:13)
    at D:\K\兵智世界v1.2\backend\src\middleware\auth.js:27:5
    at D:\K\兵智世界v1.2\backend\node_modules\jsonwebtoken\verify.js:261:12
    at getSecret (D:\K\兵智世界v1.2\backend\node_modules\jsonwebtoken\verify.js:97:14)
2025-07-24 14:17:47 [ERROR]: Error: SQLITE_ERROR: no such column: phone
--> in Database#get('SELECT id, username, email, name, phone, bio, role, status, created_at, last_login, preferences FROM users WHERE id = ?', [ '4' ], [Function (anonymous)])
    at user (D:\K\兵智世界v1.2\backend\src\services\userService-simple.js:163:12)
    at new Promise (<anonymous>)
    at UserService.getUserById (D:\K\兵智世界v1.2\backend\src\services\userService-simple.js:162:26)
    at D:\K\兵智世界v1.2\backend\src\routes\auth-simple.js:39:38
    at Layer.handle [as handle_request] (D:\K\兵智世界v1.2\backend\node_modules\express\lib\router\layer.js:95:5)
    at next (D:\K\兵智世界v1.2\backend\node_modules\express\lib\router\route.js:149:13)
    at D:\K\兵智世界v1.2\backend\src\middleware\auth.js:27:5
    at D:\K\兵智世界v1.2\backend\node_modules\jsonwebtoken\verify.js:261:12
    at getSecret (D:\K\兵智世界v1.2\backend\node_modules\jsonwebtoken\verify.js:97:14)
2025-07-24 14:17:47 [ERROR]: Error: SQLITE_ERROR: no such column: phone
--> in Database#get('SELECT id, username, email, name, phone, bio, role, status, created_at, last_login, preferences FROM users WHERE id = ?', [ '4' ], [Function (anonymous)])
    at user (D:\K\兵智世界v1.2\backend\src\services\userService-simple.js:163:12)
    at new Promise (<anonymous>)
    at UserService.getUserById (D:\K\兵智世界v1.2\backend\src\services\userService-simple.js:162:26)
    at D:\K\兵智世界v1.2\backend\src\routes\auth-simple.js:39:38
    at Layer.handle [as handle_request] (D:\K\兵智世界v1.2\backend\node_modules\express\lib\router\layer.js:95:5)
    at next (D:\K\兵智世界v1.2\backend\node_modules\express\lib\router\route.js:149:13)
    at D:\K\兵智世界v1.2\backend\src\middleware\auth.js:27:5
    at D:\K\兵智世界v1.2\backend\node_modules\jsonwebtoken\verify.js:261:12
    at getSecret (D:\K\兵智世界v1.2\backend\node_modules\jsonwebtoken\verify.js:97:14)
2025-07-24 14:17:47 [ERROR]: Error: SQLITE_ERROR: no such column: phone
--> in Database#get('SELECT id, username, email, name, phone, bio, role, status, created_at, last_login, preferences FROM users WHERE id = ?', [ '4' ], [Function (anonymous)])
    at user (D:\K\兵智世界v1.2\backend\src\services\userService-simple.js:163:12)
    at new Promise (<anonymous>)
    at UserService.getUserById (D:\K\兵智世界v1.2\backend\src\services\userService-simple.js:162:26)
    at D:\K\兵智世界v1.2\backend\src\routes\auth-simple.js:39:38
    at Layer.handle [as handle_request] (D:\K\兵智世界v1.2\backend\node_modules\express\lib\router\layer.js:95:5)
    at next (D:\K\兵智世界v1.2\backend\node_modules\express\lib\router\route.js:149:13)
    at D:\K\兵智世界v1.2\backend\src\middleware\auth.js:27:5
    at D:\K\兵智世界v1.2\backend\node_modules\jsonwebtoken\verify.js:261:12
    at getSecret (D:\K\兵智世界v1.2\backend\node_modules\jsonwebtoken\verify.js:97:14)
2025-07-24 14:17:47 [ERROR]: Error: SQLITE_ERROR: no such column: phone
--> in Database#get('SELECT id, username, email, name, phone, bio, role, status, created_at, last_login, preferences FROM users WHERE id = ?', [ '4' ], [Function (anonymous)])
    at user (D:\K\兵智世界v1.2\backend\src\services\userService-simple.js:163:12)
    at new Promise (<anonymous>)
    at UserService.getUserById (D:\K\兵智世界v1.2\backend\src\services\userService-simple.js:162:26)
    at D:\K\兵智世界v1.2\backend\src\routes\auth-simple.js:39:38
    at Layer.handle [as handle_request] (D:\K\兵智世界v1.2\backend\node_modules\express\lib\router\layer.js:95:5)
    at next (D:\K\兵智世界v1.2\backend\node_modules\express\lib\router\route.js:149:13)
    at D:\K\兵智世界v1.2\backend\src\middleware\auth.js:27:5
    at D:\K\兵智世界v1.2\backend\node_modules\jsonwebtoken\verify.js:261:12
    at getSecret (D:\K\兵智世界v1.2\backend\node_modules\jsonwebtoken\verify.js:97:14)
2025-07-24 14:17:47 [ERROR]: Error: SQLITE_ERROR: no such column: phone
--> in Database#get('SELECT id, username, email, name, phone, bio, role, status, created_at, last_login, preferences FROM users WHERE id = ?', [ '4' ], [Function (anonymous)])
    at user (D:\K\兵智世界v1.2\backend\src\services\userService-simple.js:163:12)
    at new Promise (<anonymous>)
    at UserService.getUserById (D:\K\兵智世界v1.2\backend\src\services\userService-simple.js:162:26)
    at D:\K\兵智世界v1.2\backend\src\routes\auth-simple.js:39:38
    at Layer.handle [as handle_request] (D:\K\兵智世界v1.2\backend\node_modules\express\lib\router\layer.js:95:5)
    at next (D:\K\兵智世界v1.2\backend\node_modules\express\lib\router\route.js:149:13)
    at D:\K\兵智世界v1.2\backend\src\middleware\auth.js:27:5
    at D:\K\兵智世界v1.2\backend\node_modules\jsonwebtoken\verify.js:261:12
    at getSecret (D:\K\兵智世界v1.2\backend\node_modules\jsonwebtoken\verify.js:97:14)
2025-07-24 14:17:47 [ERROR]: Error: SQLITE_ERROR: no such column: phone
--> in Database#get('SELECT id, username, email, name, phone, bio, role, status, created_at, last_login, preferences FROM users WHERE id = ?', [ '4' ], [Function (anonymous)])
    at user (D:\K\兵智世界v1.2\backend\src\services\userService-simple.js:163:12)
    at new Promise (<anonymous>)
    at UserService.getUserById (D:\K\兵智世界v1.2\backend\src\services\userService-simple.js:162:26)
    at D:\K\兵智世界v1.2\backend\src\routes\auth-simple.js:39:38
    at Layer.handle [as handle_request] (D:\K\兵智世界v1.2\backend\node_modules\express\lib\router\layer.js:95:5)
    at next (D:\K\兵智世界v1.2\backend\node_modules\express\lib\router\route.js:149:13)
    at D:\K\兵智世界v1.2\backend\src\middleware\auth.js:27:5
    at D:\K\兵智世界v1.2\backend\node_modules\jsonwebtoken\verify.js:261:12
    at getSecret (D:\K\兵智世界v1.2\backend\node_modules\jsonwebtoken\verify.js:97:14)
2025-07-24 14:17:47 [ERROR]: Error: SQLITE_ERROR: no such column: phone
--> in Database#get('SELECT id, username, email, name, phone, bio, role, status, created_at, last_login, preferences FROM users WHERE id = ?', [ '4' ], [Function (anonymous)])
    at user (D:\K\兵智世界v1.2\backend\src\services\userService-simple.js:163:12)
    at new Promise (<anonymous>)
    at UserService.getUserById (D:\K\兵智世界v1.2\backend\src\services\userService-simple.js:162:26)
    at D:\K\兵智世界v1.2\backend\src\routes\auth-simple.js:39:38
    at Layer.handle [as handle_request] (D:\K\兵智世界v1.2\backend\node_modules\express\lib\router\layer.js:95:5)
    at next (D:\K\兵智世界v1.2\backend\node_modules\express\lib\router\route.js:149:13)
    at D:\K\兵智世界v1.2\backend\src\middleware\auth.js:27:5
    at D:\K\兵智世界v1.2\backend\node_modules\jsonwebtoken\verify.js:261:12
    at getSecret (D:\K\兵智世界v1.2\backend\node_modules\jsonwebtoken\verify.js:97:14)
2025-07-24 14:17:47 [ERROR]: Error: SQLITE_ERROR: no such column: phone
--> in Database#get('SELECT id, username, email, name, phone, bio, role, status, created_at, last_login, preferences FROM users WHERE id = ?', [ '4' ], [Function (anonymous)])
    at user (D:\K\兵智世界v1.2\backend\src\services\userService-simple.js:163:12)
    at new Promise (<anonymous>)
    at UserService.getUserById (D:\K\兵智世界v1.2\backend\src\services\userService-simple.js:162:26)
    at D:\K\兵智世界v1.2\backend\src\routes\auth-simple.js:39:38
    at Layer.handle [as handle_request] (D:\K\兵智世界v1.2\backend\node_modules\express\lib\router\layer.js:95:5)
    at next (D:\K\兵智世界v1.2\backend\node_modules\express\lib\router\route.js:149:13)
    at D:\K\兵智世界v1.2\backend\src\middleware\auth.js:27:5
    at D:\K\兵智世界v1.2\backend\node_modules\jsonwebtoken\verify.js:261:12
    at getSecret (D:\K\兵智世界v1.2\backend\node_modules\jsonwebtoken\verify.js:97:14)
2025-07-24 14:17:47 [ERROR]: Error: SQLITE_ERROR: no such column: phone
--> in Database#get('SELECT id, username, email, name, phone, bio, role, status, created_at, last_login, preferences FROM users WHERE id = ?', [ '4' ], [Function (anonymous)])
    at user (D:\K\兵智世界v1.2\backend\src\services\userService-simple.js:163:12)
    at new Promise (<anonymous>)
    at UserService.getUserById (D:\K\兵智世界v1.2\backend\src\services\userService-simple.js:162:26)
    at D:\K\兵智世界v1.2\backend\src\routes\auth-simple.js:39:38
    at Layer.handle [as handle_request] (D:\K\兵智世界v1.2\backend\node_modules\express\lib\router\layer.js:95:5)
    at next (D:\K\兵智世界v1.2\backend\node_modules\express\lib\router\route.js:149:13)
    at D:\K\兵智世界v1.2\backend\src\middleware\auth.js:27:5
    at D:\K\兵智世界v1.2\backend\node_modules\jsonwebtoken\verify.js:261:12
    at getSecret (D:\K\兵智世界v1.2\backend\node_modules\jsonwebtoken\verify.js:97:14)
2025-07-24 14:17:47 [ERROR]: Error: SQLITE_ERROR: no such column: phone
--> in Database#get('SELECT id, username, email, name, phone, bio, role, status, created_at, last_login, preferences FROM users WHERE id = ?', [ '4' ], [Function (anonymous)])
    at user (D:\K\兵智世界v1.2\backend\src\services\userService-simple.js:163:12)
    at new Promise (<anonymous>)
    at UserService.getUserById (D:\K\兵智世界v1.2\backend\src\services\userService-simple.js:162:26)
    at D:\K\兵智世界v1.2\backend\src\routes\auth-simple.js:39:38
    at Layer.handle [as handle_request] (D:\K\兵智世界v1.2\backend\node_modules\express\lib\router\layer.js:95:5)
    at next (D:\K\兵智世界v1.2\backend\node_modules\express\lib\router\route.js:149:13)
    at D:\K\兵智世界v1.2\backend\src\middleware\auth.js:27:5
    at D:\K\兵智世界v1.2\backend\node_modules\jsonwebtoken\verify.js:261:12
    at getSecret (D:\K\兵智世界v1.2\backend\node_modules\jsonwebtoken\verify.js:97:14)
2025-07-24 14:17:47 [ERROR]: Error: SQLITE_ERROR: no such column: phone
--> in Database#get('SELECT id, username, email, name, phone, bio, role, status, created_at, last_login, preferences FROM users WHERE id = ?', [ '4' ], [Function (anonymous)])
    at user (D:\K\兵智世界v1.2\backend\src\services\userService-simple.js:163:12)
    at new Promise (<anonymous>)
    at UserService.getUserById (D:\K\兵智世界v1.2\backend\src\services\userService-simple.js:162:26)
    at D:\K\兵智世界v1.2\backend\src\routes\auth-simple.js:39:38
    at Layer.handle [as handle_request] (D:\K\兵智世界v1.2\backend\node_modules\express\lib\router\layer.js:95:5)
    at next (D:\K\兵智世界v1.2\backend\node_modules\express\lib\router\route.js:149:13)
    at D:\K\兵智世界v1.2\backend\src\middleware\auth.js:27:5
    at D:\K\兵智世界v1.2\backend\node_modules\jsonwebtoken\verify.js:261:12
    at getSecret (D:\K\兵智世界v1.2\backend\node_modules\jsonwebtoken\verify.js:97:14)
2025-07-24 14:17:47 [ERROR]: Error: SQLITE_ERROR: no such column: phone
--> in Database#get('SELECT id, username, email, name, phone, bio, role, status, created_at, last_login, preferences FROM users WHERE id = ?', [ '4' ], [Function (anonymous)])
    at user (D:\K\兵智世界v1.2\backend\src\services\userService-simple.js:163:12)
    at new Promise (<anonymous>)
    at UserService.getUserById (D:\K\兵智世界v1.2\backend\src\services\userService-simple.js:162:26)
    at D:\K\兵智世界v1.2\backend\src\routes\auth-simple.js:39:38
    at Layer.handle [as handle_request] (D:\K\兵智世界v1.2\backend\node_modules\express\lib\router\layer.js:95:5)
    at next (D:\K\兵智世界v1.2\backend\node_modules\express\lib\router\route.js:149:13)
    at D:\K\兵智世界v1.2\backend\src\middleware\auth.js:27:5
    at D:\K\兵智世界v1.2\backend\node_modules\jsonwebtoken\verify.js:261:12
    at getSecret (D:\K\兵智世界v1.2\backend\node_modules\jsonwebtoken\verify.js:97:14)
2025-07-24 14:17:47 [ERROR]: Error: SQLITE_ERROR: no such column: phone
--> in Database#get('SELECT id, username, email, name, phone, bio, role, status, created_at, last_login, preferences FROM users WHERE id = ?', [ '4' ], [Function (anonymous)])
    at user (D:\K\兵智世界v1.2\backend\src\services\userService-simple.js:163:12)
    at new Promise (<anonymous>)
    at UserService.getUserById (D:\K\兵智世界v1.2\backend\src\services\userService-simple.js:162:26)
    at D:\K\兵智世界v1.2\backend\src\routes\auth-simple.js:39:38
    at Layer.handle [as handle_request] (D:\K\兵智世界v1.2\backend\node_modules\express\lib\router\layer.js:95:5)
    at next (D:\K\兵智世界v1.2\backend\node_modules\express\lib\router\route.js:149:13)
    at D:\K\兵智世界v1.2\backend\src\middleware\auth.js:27:5
    at D:\K\兵智世界v1.2\backend\node_modules\jsonwebtoken\verify.js:261:12
    at getSecret (D:\K\兵智世界v1.2\backend\node_modules\jsonwebtoken\verify.js:97:14)
2025-07-24 14:17:47 [ERROR]: Error: SQLITE_ERROR: no such column: phone
--> in Database#get('SELECT id, username, email, name, phone, bio, role, status, created_at, last_login, preferences FROM users WHERE id = ?', [ '4' ], [Function (anonymous)])
    at user (D:\K\兵智世界v1.2\backend\src\services\userService-simple.js:163:12)
    at new Promise (<anonymous>)
    at UserService.getUserById (D:\K\兵智世界v1.2\backend\src\services\userService-simple.js:162:26)
    at D:\K\兵智世界v1.2\backend\src\routes\auth-simple.js:39:38
    at Layer.handle [as handle_request] (D:\K\兵智世界v1.2\backend\node_modules\express\lib\router\layer.js:95:5)
    at next (D:\K\兵智世界v1.2\backend\node_modules\express\lib\router\route.js:149:13)
    at D:\K\兵智世界v1.2\backend\src\middleware\auth.js:27:5
    at D:\K\兵智世界v1.2\backend\node_modules\jsonwebtoken\verify.js:261:12
    at getSecret (D:\K\兵智世界v1.2\backend\node_modules\jsonwebtoken\verify.js:97:14)
2025-07-24 14:17:48 [ERROR]: Error: SQLITE_ERROR: no such column: phone
--> in Database#get('SELECT id, username, email, name, phone, bio, role, status, created_at, last_login, preferences FROM users WHERE id = ?', [ '4' ], [Function (anonymous)])
    at user (D:\K\兵智世界v1.2\backend\src\services\userService-simple.js:163:12)
    at new Promise (<anonymous>)
    at UserService.getUserById (D:\K\兵智世界v1.2\backend\src\services\userService-simple.js:162:26)
    at D:\K\兵智世界v1.2\backend\src\routes\auth-simple.js:39:38
    at Layer.handle [as handle_request] (D:\K\兵智世界v1.2\backend\node_modules\express\lib\router\layer.js:95:5)
    at next (D:\K\兵智世界v1.2\backend\node_modules\express\lib\router\route.js:149:13)
    at D:\K\兵智世界v1.2\backend\src\middleware\auth.js:27:5
    at D:\K\兵智世界v1.2\backend\node_modules\jsonwebtoken\verify.js:261:12
    at getSecret (D:\K\兵智世界v1.2\backend\node_modules\jsonwebtoken\verify.js:97:14)
2025-07-24 14:17:48 [ERROR]: Error: SQLITE_ERROR: no such column: phone
--> in Database#get('SELECT id, username, email, name, phone, bio, role, status, created_at, last_login, preferences FROM users WHERE id = ?', [ '4' ], [Function (anonymous)])
    at user (D:\K\兵智世界v1.2\backend\src\services\userService-simple.js:163:12)
    at new Promise (<anonymous>)
    at UserService.getUserById (D:\K\兵智世界v1.2\backend\src\services\userService-simple.js:162:26)
    at D:\K\兵智世界v1.2\backend\src\routes\auth-simple.js:39:38
    at Layer.handle [as handle_request] (D:\K\兵智世界v1.2\backend\node_modules\express\lib\router\layer.js:95:5)
    at next (D:\K\兵智世界v1.2\backend\node_modules\express\lib\router\route.js:149:13)
    at D:\K\兵智世界v1.2\backend\src\middleware\auth.js:27:5
    at D:\K\兵智世界v1.2\backend\node_modules\jsonwebtoken\verify.js:261:12
    at getSecret (D:\K\兵智世界v1.2\backend\node_modules\jsonwebtoken\verify.js:97:14)
2025-07-24 14:17:48 [ERROR]: Error: SQLITE_ERROR: no such column: phone
--> in Database#get('SELECT id, username, email, name, phone, bio, role, status, created_at, last_login, preferences FROM users WHERE id = ?', [ '4' ], [Function (anonymous)])
    at user (D:\K\兵智世界v1.2\backend\src\services\userService-simple.js:163:12)
    at new Promise (<anonymous>)
    at UserService.getUserById (D:\K\兵智世界v1.2\backend\src\services\userService-simple.js:162:26)
    at D:\K\兵智世界v1.2\backend\src\routes\auth-simple.js:39:38
    at Layer.handle [as handle_request] (D:\K\兵智世界v1.2\backend\node_modules\express\lib\router\layer.js:95:5)
    at next (D:\K\兵智世界v1.2\backend\node_modules\express\lib\router\route.js:149:13)
    at D:\K\兵智世界v1.2\backend\src\middleware\auth.js:27:5
    at D:\K\兵智世界v1.2\backend\node_modules\jsonwebtoken\verify.js:261:12
    at getSecret (D:\K\兵智世界v1.2\backend\node_modules\jsonwebtoken\verify.js:97:14)
2025-07-24 14:17:48 [ERROR]: Error: SQLITE_ERROR: no such column: phone
--> in Database#get('SELECT id, username, email, name, phone, bio, role, status, created_at, last_login, preferences FROM users WHERE id = ?', [ '4' ], [Function (anonymous)])
    at user (D:\K\兵智世界v1.2\backend\src\services\userService-simple.js:163:12)
    at new Promise (<anonymous>)
    at UserService.getUserById (D:\K\兵智世界v1.2\backend\src\services\userService-simple.js:162:26)
    at D:\K\兵智世界v1.2\backend\src\routes\auth-simple.js:39:38
    at Layer.handle [as handle_request] (D:\K\兵智世界v1.2\backend\node_modules\express\lib\router\layer.js:95:5)
    at next (D:\K\兵智世界v1.2\backend\node_modules\express\lib\router\route.js:149:13)
    at D:\K\兵智世界v1.2\backend\src\middleware\auth.js:27:5
    at D:\K\兵智世界v1.2\backend\node_modules\jsonwebtoken\verify.js:261:12
    at getSecret (D:\K\兵智世界v1.2\backend\node_modules\jsonwebtoken\verify.js:97:14)
2025-07-24 14:17:48 [ERROR]: Error: SQLITE_ERROR: no such column: phone
--> in Database#get('SELECT id, username, email, name, phone, bio, role, status, created_at, last_login, preferences FROM users WHERE id = ?', [ '4' ], [Function (anonymous)])
    at user (D:\K\兵智世界v1.2\backend\src\services\userService-simple.js:163:12)
    at new Promise (<anonymous>)
    at UserService.getUserById (D:\K\兵智世界v1.2\backend\src\services\userService-simple.js:162:26)
    at D:\K\兵智世界v1.2\backend\src\routes\auth-simple.js:39:38
    at Layer.handle [as handle_request] (D:\K\兵智世界v1.2\backend\node_modules\express\lib\router\layer.js:95:5)
    at next (D:\K\兵智世界v1.2\backend\node_modules\express\lib\router\route.js:149:13)
    at D:\K\兵智世界v1.2\backend\src\middleware\auth.js:27:5
    at D:\K\兵智世界v1.2\backend\node_modules\jsonwebtoken\verify.js:261:12
    at getSecret (D:\K\兵智世界v1.2\backend\node_modules\jsonwebtoken\verify.js:97:14)
2025-07-24 14:17:48 [ERROR]: Error: SQLITE_ERROR: no such column: phone
--> in Database#get('SELECT id, username, email, name, phone, bio, role, status, created_at, last_login, preferences FROM users WHERE id = ?', [ '4' ], [Function (anonymous)])
    at user (D:\K\兵智世界v1.2\backend\src\services\userService-simple.js:163:12)
    at new Promise (<anonymous>)
    at UserService.getUserById (D:\K\兵智世界v1.2\backend\src\services\userService-simple.js:162:26)
    at D:\K\兵智世界v1.2\backend\src\routes\auth-simple.js:39:38
    at Layer.handle [as handle_request] (D:\K\兵智世界v1.2\backend\node_modules\express\lib\router\layer.js:95:5)
    at next (D:\K\兵智世界v1.2\backend\node_modules\express\lib\router\route.js:149:13)
    at D:\K\兵智世界v1.2\backend\src\middleware\auth.js:27:5
    at D:\K\兵智世界v1.2\backend\node_modules\jsonwebtoken\verify.js:261:12
    at getSecret (D:\K\兵智世界v1.2\backend\node_modules\jsonwebtoken\verify.js:97:14)
2025-07-24 14:17:48 [ERROR]: Error: SQLITE_ERROR: no such column: phone
--> in Database#get('SELECT id, username, email, name, phone, bio, role, status, created_at, last_login, preferences FROM users WHERE id = ?', [ '4' ], [Function (anonymous)])
    at user (D:\K\兵智世界v1.2\backend\src\services\userService-simple.js:163:12)
    at new Promise (<anonymous>)
    at UserService.getUserById (D:\K\兵智世界v1.2\backend\src\services\userService-simple.js:162:26)
    at D:\K\兵智世界v1.2\backend\src\routes\auth-simple.js:39:38
    at Layer.handle [as handle_request] (D:\K\兵智世界v1.2\backend\node_modules\express\lib\router\layer.js:95:5)
    at next (D:\K\兵智世界v1.2\backend\node_modules\express\lib\router\route.js:149:13)
    at D:\K\兵智世界v1.2\backend\src\middleware\auth.js:27:5
    at D:\K\兵智世界v1.2\backend\node_modules\jsonwebtoken\verify.js:261:12
    at getSecret (D:\K\兵智世界v1.2\backend\node_modules\jsonwebtoken\verify.js:97:14)
2025-07-24 14:17:48 [ERROR]: Error: SQLITE_ERROR: no such column: phone
--> in Database#get('SELECT id, username, email, name, phone, bio, role, status, created_at, last_login, preferences FROM users WHERE id = ?', [ '4' ], [Function (anonymous)])
    at user (D:\K\兵智世界v1.2\backend\src\services\userService-simple.js:163:12)
    at new Promise (<anonymous>)
    at UserService.getUserById (D:\K\兵智世界v1.2\backend\src\services\userService-simple.js:162:26)
    at D:\K\兵智世界v1.2\backend\src\routes\auth-simple.js:39:38
    at Layer.handle [as handle_request] (D:\K\兵智世界v1.2\backend\node_modules\express\lib\router\layer.js:95:5)
    at next (D:\K\兵智世界v1.2\backend\node_modules\express\lib\router\route.js:149:13)
    at D:\K\兵智世界v1.2\backend\src\middleware\auth.js:27:5
    at D:\K\兵智世界v1.2\backend\node_modules\jsonwebtoken\verify.js:261:12
    at getSecret (D:\K\兵智世界v1.2\backend\node_modules\jsonwebtoken\verify.js:97:14)
2025-07-24 14:17:48 [ERROR]: Error: SQLITE_ERROR: no such column: phone
--> in Database#get('SELECT id, username, email, name, phone, bio, role, status, created_at, last_login, preferences FROM users WHERE id = ?', [ '4' ], [Function (anonymous)])
    at user (D:\K\兵智世界v1.2\backend\src\services\userService-simple.js:163:12)
    at new Promise (<anonymous>)
    at UserService.getUserById (D:\K\兵智世界v1.2\backend\src\services\userService-simple.js:162:26)
    at D:\K\兵智世界v1.2\backend\src\routes\auth-simple.js:39:38
    at Layer.handle [as handle_request] (D:\K\兵智世界v1.2\backend\node_modules\express\lib\router\layer.js:95:5)
    at next (D:\K\兵智世界v1.2\backend\node_modules\express\lib\router\route.js:149:13)
    at D:\K\兵智世界v1.2\backend\src\middleware\auth.js:27:5
    at D:\K\兵智世界v1.2\backend\node_modules\jsonwebtoken\verify.js:261:12
    at getSecret (D:\K\兵智世界v1.2\backend\node_modules\jsonwebtoken\verify.js:97:14)
2025-07-24 14:17:48 [ERROR]: Error: SQLITE_ERROR: no such column: phone
--> in Database#get('SELECT id, username, email, name, phone, bio, role, status, created_at, last_login, preferences FROM users WHERE id = ?', [ '4' ], [Function (anonymous)])
    at user (D:\K\兵智世界v1.2\backend\src\services\userService-simple.js:163:12)
    at new Promise (<anonymous>)
    at UserService.getUserById (D:\K\兵智世界v1.2\backend\src\services\userService-simple.js:162:26)
    at D:\K\兵智世界v1.2\backend\src\routes\auth-simple.js:39:38
    at Layer.handle [as handle_request] (D:\K\兵智世界v1.2\backend\node_modules\express\lib\router\layer.js:95:5)
    at next (D:\K\兵智世界v1.2\backend\node_modules\express\lib\router\route.js:149:13)
    at D:\K\兵智世界v1.2\backend\src\middleware\auth.js:27:5
    at D:\K\兵智世界v1.2\backend\node_modules\jsonwebtoken\verify.js:261:12
    at getSecret (D:\K\兵智世界v1.2\backend\node_modules\jsonwebtoken\verify.js:97:14)
2025-07-24 14:17:48 [ERROR]: Error: SQLITE_ERROR: no such column: phone
--> in Database#get('SELECT id, username, email, name, phone, bio, role, status, created_at, last_login, preferences FROM users WHERE id = ?', [ '4' ], [Function (anonymous)])
    at user (D:\K\兵智世界v1.2\backend\src\services\userService-simple.js:163:12)
    at new Promise (<anonymous>)
    at UserService.getUserById (D:\K\兵智世界v1.2\backend\src\services\userService-simple.js:162:26)
    at D:\K\兵智世界v1.2\backend\src\routes\auth-simple.js:39:38
    at Layer.handle [as handle_request] (D:\K\兵智世界v1.2\backend\node_modules\express\lib\router\layer.js:95:5)
    at next (D:\K\兵智世界v1.2\backend\node_modules\express\lib\router\route.js:149:13)
    at D:\K\兵智世界v1.2\backend\src\middleware\auth.js:27:5
    at D:\K\兵智世界v1.2\backend\node_modules\jsonwebtoken\verify.js:261:12
    at getSecret (D:\K\兵智世界v1.2\backend\node_modules\jsonwebtoken\verify.js:97:14)
2025-07-24 14:17:48 [ERROR]: Error: SQLITE_ERROR: no such column: phone
--> in Database#get('SELECT id, username, email, name, phone, bio, role, status, created_at, last_login, preferences FROM users WHERE id = ?', [ '4' ], [Function (anonymous)])
    at user (D:\K\兵智世界v1.2\backend\src\services\userService-simple.js:163:12)
    at new Promise (<anonymous>)
    at UserService.getUserById (D:\K\兵智世界v1.2\backend\src\services\userService-simple.js:162:26)
    at D:\K\兵智世界v1.2\backend\src\routes\auth-simple.js:39:38
    at Layer.handle [as handle_request] (D:\K\兵智世界v1.2\backend\node_modules\express\lib\router\layer.js:95:5)
    at next (D:\K\兵智世界v1.2\backend\node_modules\express\lib\router\route.js:149:13)
    at D:\K\兵智世界v1.2\backend\src\middleware\auth.js:27:5
    at D:\K\兵智世界v1.2\backend\node_modules\jsonwebtoken\verify.js:261:12
    at getSecret (D:\K\兵智世界v1.2\backend\node_modules\jsonwebtoken\verify.js:97:14)
2025-07-24 14:17:48 [ERROR]: Error: SQLITE_ERROR: no such column: phone
--> in Database#get('SELECT id, username, email, name, phone, bio, role, status, created_at, last_login, preferences FROM users WHERE id = ?', [ '4' ], [Function (anonymous)])
    at user (D:\K\兵智世界v1.2\backend\src\services\userService-simple.js:163:12)
    at new Promise (<anonymous>)
    at UserService.getUserById (D:\K\兵智世界v1.2\backend\src\services\userService-simple.js:162:26)
    at D:\K\兵智世界v1.2\backend\src\routes\auth-simple.js:39:38
    at Layer.handle [as handle_request] (D:\K\兵智世界v1.2\backend\node_modules\express\lib\router\layer.js:95:5)
    at next (D:\K\兵智世界v1.2\backend\node_modules\express\lib\router\route.js:149:13)
    at D:\K\兵智世界v1.2\backend\src\middleware\auth.js:27:5
    at D:\K\兵智世界v1.2\backend\node_modules\jsonwebtoken\verify.js:261:12
    at getSecret (D:\K\兵智世界v1.2\backend\node_modules\jsonwebtoken\verify.js:97:14)
2025-07-24 14:17:48 [ERROR]: Error: SQLITE_ERROR: no such column: phone
--> in Database#get('SELECT id, username, email, name, phone, bio, role, status, created_at, last_login, preferences FROM users WHERE id = ?', [ '4' ], [Function (anonymous)])
    at user (D:\K\兵智世界v1.2\backend\src\services\userService-simple.js:163:12)
    at new Promise (<anonymous>)
    at UserService.getUserById (D:\K\兵智世界v1.2\backend\src\services\userService-simple.js:162:26)
    at D:\K\兵智世界v1.2\backend\src\routes\auth-simple.js:39:38
    at Layer.handle [as handle_request] (D:\K\兵智世界v1.2\backend\node_modules\express\lib\router\layer.js:95:5)
    at next (D:\K\兵智世界v1.2\backend\node_modules\express\lib\router\route.js:149:13)
    at D:\K\兵智世界v1.2\backend\src\middleware\auth.js:27:5
    at D:\K\兵智世界v1.2\backend\node_modules\jsonwebtoken\verify.js:261:12
    at getSecret (D:\K\兵智世界v1.2\backend\node_modules\jsonwebtoken\verify.js:97:14)
2025-07-24 14:17:48 [ERROR]: Error: SQLITE_ERROR: no such column: phone
--> in Database#get('SELECT id, username, email, name, phone, bio, role, status, created_at, last_login, preferences FROM users WHERE id = ?', [ '4' ], [Function (anonymous)])
    at user (D:\K\兵智世界v1.2\backend\src\services\userService-simple.js:163:12)
    at new Promise (<anonymous>)
    at UserService.getUserById (D:\K\兵智世界v1.2\backend\src\services\userService-simple.js:162:26)
    at D:\K\兵智世界v1.2\backend\src\routes\auth-simple.js:39:38
    at Layer.handle [as handle_request] (D:\K\兵智世界v1.2\backend\node_modules\express\lib\router\layer.js:95:5)
    at next (D:\K\兵智世界v1.2\backend\node_modules\express\lib\router\route.js:149:13)
    at D:\K\兵智世界v1.2\backend\src\middleware\auth.js:27:5
    at D:\K\兵智世界v1.2\backend\node_modules\jsonwebtoken\verify.js:261:12
    at getSecret (D:\K\兵智世界v1.2\backend\node_modules\jsonwebtoken\verify.js:97:14)
2025-07-24 14:17:48 [ERROR]: Error: SQLITE_ERROR: no such column: phone
--> in Database#get('SELECT id, username, email, name, phone, bio, role, status, created_at, last_login, preferences FROM users WHERE id = ?', [ '4' ], [Function (anonymous)])
    at user (D:\K\兵智世界v1.2\backend\src\services\userService-simple.js:163:12)
    at new Promise (<anonymous>)
    at UserService.getUserById (D:\K\兵智世界v1.2\backend\src\services\userService-simple.js:162:26)
    at D:\K\兵智世界v1.2\backend\src\routes\auth-simple.js:39:38
    at Layer.handle [as handle_request] (D:\K\兵智世界v1.2\backend\node_modules\express\lib\router\layer.js:95:5)
    at next (D:\K\兵智世界v1.2\backend\node_modules\express\lib\router\route.js:149:13)
    at D:\K\兵智世界v1.2\backend\src\middleware\auth.js:27:5
    at D:\K\兵智世界v1.2\backend\node_modules\jsonwebtoken\verify.js:261:12
    at getSecret (D:\K\兵智世界v1.2\backend\node_modules\jsonwebtoken\verify.js:97:14)
2025-07-24 14:17:48 [ERROR]: Error: SQLITE_ERROR: no such column: phone
--> in Database#get('SELECT id, username, email, name, phone, bio, role, status, created_at, last_login, preferences FROM users WHERE id = ?', [ '4' ], [Function (anonymous)])
    at user (D:\K\兵智世界v1.2\backend\src\services\userService-simple.js:163:12)
    at new Promise (<anonymous>)
    at UserService.getUserById (D:\K\兵智世界v1.2\backend\src\services\userService-simple.js:162:26)
    at D:\K\兵智世界v1.2\backend\src\routes\auth-simple.js:39:38
    at Layer.handle [as handle_request] (D:\K\兵智世界v1.2\backend\node_modules\express\lib\router\layer.js:95:5)
    at next (D:\K\兵智世界v1.2\backend\node_modules\express\lib\router\route.js:149:13)
    at D:\K\兵智世界v1.2\backend\src\middleware\auth.js:27:5
    at D:\K\兵智世界v1.2\backend\node_modules\jsonwebtoken\verify.js:261:12
    at getSecret (D:\K\兵智世界v1.2\backend\node_modules\jsonwebtoken\verify.js:97:14)
2025-07-24 14:17:48 [ERROR]: Error: SQLITE_ERROR: no such column: phone
--> in Database#get('SELECT id, username, email, name, phone, bio, role, status, created_at, last_login, preferences FROM users WHERE id = ?', [ '4' ], [Function (anonymous)])
    at user (D:\K\兵智世界v1.2\backend\src\services\userService-simple.js:163:12)
    at new Promise (<anonymous>)
    at UserService.getUserById (D:\K\兵智世界v1.2\backend\src\services\userService-simple.js:162:26)
    at D:\K\兵智世界v1.2\backend\src\routes\auth-simple.js:39:38
    at Layer.handle [as handle_request] (D:\K\兵智世界v1.2\backend\node_modules\express\lib\router\layer.js:95:5)
    at next (D:\K\兵智世界v1.2\backend\node_modules\express\lib\router\route.js:149:13)
    at D:\K\兵智世界v1.2\backend\src\middleware\auth.js:27:5
    at D:\K\兵智世界v1.2\backend\node_modules\jsonwebtoken\verify.js:261:12
    at getSecret (D:\K\兵智世界v1.2\backend\node_modules\jsonwebtoken\verify.js:97:14)
2025-07-24 14:17:48 [ERROR]: Error: SQLITE_ERROR: no such column: phone
--> in Database#get('SELECT id, username, email, name, phone, bio, role, status, created_at, last_login, preferences FROM users WHERE id = ?', [ '4' ], [Function (anonymous)])
    at user (D:\K\兵智世界v1.2\backend\src\services\userService-simple.js:163:12)
    at new Promise (<anonymous>)
    at UserService.getUserById (D:\K\兵智世界v1.2\backend\src\services\userService-simple.js:162:26)
    at D:\K\兵智世界v1.2\backend\src\routes\auth-simple.js:39:38
    at Layer.handle [as handle_request] (D:\K\兵智世界v1.2\backend\node_modules\express\lib\router\layer.js:95:5)
    at next (D:\K\兵智世界v1.2\backend\node_modules\express\lib\router\route.js:149:13)
    at D:\K\兵智世界v1.2\backend\src\middleware\auth.js:27:5
    at D:\K\兵智世界v1.2\backend\node_modules\jsonwebtoken\verify.js:261:12
    at getSecret (D:\K\兵智世界v1.2\backend\node_modules\jsonwebtoken\verify.js:97:14)
2025-07-24 14:17:48 [ERROR]: Error: SQLITE_ERROR: no such column: phone
--> in Database#get('SELECT id, username, email, name, phone, bio, role, status, created_at, last_login, preferences FROM users WHERE id = ?', [ '4' ], [Function (anonymous)])
    at user (D:\K\兵智世界v1.2\backend\src\services\userService-simple.js:163:12)
    at new Promise (<anonymous>)
    at UserService.getUserById (D:\K\兵智世界v1.2\backend\src\services\userService-simple.js:162:26)
    at D:\K\兵智世界v1.2\backend\src\routes\auth-simple.js:39:38
    at Layer.handle [as handle_request] (D:\K\兵智世界v1.2\backend\node_modules\express\lib\router\layer.js:95:5)
    at next (D:\K\兵智世界v1.2\backend\node_modules\express\lib\router\route.js:149:13)
    at D:\K\兵智世界v1.2\backend\src\middleware\auth.js:27:5
    at D:\K\兵智世界v1.2\backend\node_modules\jsonwebtoken\verify.js:261:12
    at getSecret (D:\K\兵智世界v1.2\backend\node_modules\jsonwebtoken\verify.js:97:14)
2025-07-24 14:17:48 [ERROR]: Error: SQLITE_ERROR: no such column: phone
--> in Database#get('SELECT id, username, email, name, phone, bio, role, status, created_at, last_login, preferences FROM users WHERE id = ?', [ '4' ], [Function (anonymous)])
    at user (D:\K\兵智世界v1.2\backend\src\services\userService-simple.js:163:12)
    at new Promise (<anonymous>)
    at UserService.getUserById (D:\K\兵智世界v1.2\backend\src\services\userService-simple.js:162:26)
    at D:\K\兵智世界v1.2\backend\src\routes\auth-simple.js:39:38
    at Layer.handle [as handle_request] (D:\K\兵智世界v1.2\backend\node_modules\express\lib\router\layer.js:95:5)
    at next (D:\K\兵智世界v1.2\backend\node_modules\express\lib\router\route.js:149:13)
    at D:\K\兵智世界v1.2\backend\src\middleware\auth.js:27:5
    at D:\K\兵智世界v1.2\backend\node_modules\jsonwebtoken\verify.js:261:12
    at getSecret (D:\K\兵智世界v1.2\backend\node_modules\jsonwebtoken\verify.js:97:14)
2025-07-24 14:17:48 [ERROR]: Error: SQLITE_ERROR: no such column: phone
--> in Database#get('SELECT id, username, email, name, phone, bio, role, status, created_at, last_login, preferences FROM users WHERE id = ?', [ '4' ], [Function (anonymous)])
    at user (D:\K\兵智世界v1.2\backend\src\services\userService-simple.js:163:12)
    at new Promise (<anonymous>)
    at UserService.getUserById (D:\K\兵智世界v1.2\backend\src\services\userService-simple.js:162:26)
    at D:\K\兵智世界v1.2\backend\src\routes\auth-simple.js:39:38
    at Layer.handle [as handle_request] (D:\K\兵智世界v1.2\backend\node_modules\express\lib\router\layer.js:95:5)
    at next (D:\K\兵智世界v1.2\backend\node_modules\express\lib\router\route.js:149:13)
    at D:\K\兵智世界v1.2\backend\src\middleware\auth.js:27:5
    at D:\K\兵智世界v1.2\backend\node_modules\jsonwebtoken\verify.js:261:12
    at getSecret (D:\K\兵智世界v1.2\backend\node_modules\jsonwebtoken\verify.js:97:14)
2025-07-24 14:17:48 [ERROR]: Error: SQLITE_ERROR: no such column: phone
--> in Database#get('SELECT id, username, email, name, phone, bio, role, status, created_at, last_login, preferences FROM users WHERE id = ?', [ '4' ], [Function (anonymous)])
    at user (D:\K\兵智世界v1.2\backend\src\services\userService-simple.js:163:12)
    at new Promise (<anonymous>)
    at UserService.getUserById (D:\K\兵智世界v1.2\backend\src\services\userService-simple.js:162:26)
    at D:\K\兵智世界v1.2\backend\src\routes\auth-simple.js:39:38
    at Layer.handle [as handle_request] (D:\K\兵智世界v1.2\backend\node_modules\express\lib\router\layer.js:95:5)
    at next (D:\K\兵智世界v1.2\backend\node_modules\express\lib\router\route.js:149:13)
    at D:\K\兵智世界v1.2\backend\src\middleware\auth.js:27:5
    at D:\K\兵智世界v1.2\backend\node_modules\jsonwebtoken\verify.js:261:12
    at getSecret (D:\K\兵智世界v1.2\backend\node_modules\jsonwebtoken\verify.js:97:14)
2025-07-24 14:17:48 [ERROR]: Error: SQLITE_ERROR: no such column: phone
--> in Database#get('SELECT id, username, email, name, phone, bio, role, status, created_at, last_login, preferences FROM users WHERE id = ?', [ '4' ], [Function (anonymous)])
    at user (D:\K\兵智世界v1.2\backend\src\services\userService-simple.js:163:12)
    at new Promise (<anonymous>)
    at UserService.getUserById (D:\K\兵智世界v1.2\backend\src\services\userService-simple.js:162:26)
    at D:\K\兵智世界v1.2\backend\src\routes\auth-simple.js:39:38
    at Layer.handle [as handle_request] (D:\K\兵智世界v1.2\backend\node_modules\express\lib\router\layer.js:95:5)
    at next (D:\K\兵智世界v1.2\backend\node_modules\express\lib\router\route.js:149:13)
    at D:\K\兵智世界v1.2\backend\src\middleware\auth.js:27:5
    at D:\K\兵智世界v1.2\backend\node_modules\jsonwebtoken\verify.js:261:12
    at getSecret (D:\K\兵智世界v1.2\backend\node_modules\jsonwebtoken\verify.js:97:14)
2025-07-24 14:17:48 [ERROR]: Error: SQLITE_ERROR: no such column: phone
--> in Database#get('SELECT id, username, email, name, phone, bio, role, status, created_at, last_login, preferences FROM users WHERE id = ?', [ '4' ], [Function (anonymous)])
    at user (D:\K\兵智世界v1.2\backend\src\services\userService-simple.js:163:12)
    at new Promise (<anonymous>)
    at UserService.getUserById (D:\K\兵智世界v1.2\backend\src\services\userService-simple.js:162:26)
    at D:\K\兵智世界v1.2\backend\src\routes\auth-simple.js:39:38
    at Layer.handle [as handle_request] (D:\K\兵智世界v1.2\backend\node_modules\express\lib\router\layer.js:95:5)
    at next (D:\K\兵智世界v1.2\backend\node_modules\express\lib\router\route.js:149:13)
    at D:\K\兵智世界v1.2\backend\src\middleware\auth.js:27:5
    at D:\K\兵智世界v1.2\backend\node_modules\jsonwebtoken\verify.js:261:12
    at getSecret (D:\K\兵智世界v1.2\backend\node_modules\jsonwebtoken\verify.js:97:14)
2025-07-24 14:17:48 [ERROR]: Error: SQLITE_ERROR: no such column: phone
--> in Database#get('SELECT id, username, email, name, phone, bio, role, status, created_at, last_login, preferences FROM users WHERE id = ?', [ '4' ], [Function (anonymous)])
    at user (D:\K\兵智世界v1.2\backend\src\services\userService-simple.js:163:12)
    at new Promise (<anonymous>)
    at UserService.getUserById (D:\K\兵智世界v1.2\backend\src\services\userService-simple.js:162:26)
    at D:\K\兵智世界v1.2\backend\src\routes\auth-simple.js:39:38
    at Layer.handle [as handle_request] (D:\K\兵智世界v1.2\backend\node_modules\express\lib\router\layer.js:95:5)
    at next (D:\K\兵智世界v1.2\backend\node_modules\express\lib\router\route.js:149:13)
    at D:\K\兵智世界v1.2\backend\src\middleware\auth.js:27:5
    at D:\K\兵智世界v1.2\backend\node_modules\jsonwebtoken\verify.js:261:12
    at getSecret (D:\K\兵智世界v1.2\backend\node_modules\jsonwebtoken\verify.js:97:14)
2025-07-24 14:17:49 [ERROR]: Error: SQLITE_ERROR: no such column: phone
--> in Database#get('SELECT id, username, email, name, phone, bio, role, status, created_at, last_login, preferences FROM users WHERE id = ?', [ '4' ], [Function (anonymous)])
    at user (D:\K\兵智世界v1.2\backend\src\services\userService-simple.js:163:12)
    at new Promise (<anonymous>)
    at UserService.getUserById (D:\K\兵智世界v1.2\backend\src\services\userService-simple.js:162:26)
    at D:\K\兵智世界v1.2\backend\src\routes\auth-simple.js:39:38
    at Layer.handle [as handle_request] (D:\K\兵智世界v1.2\backend\node_modules\express\lib\router\layer.js:95:5)
    at next (D:\K\兵智世界v1.2\backend\node_modules\express\lib\router\route.js:149:13)
    at D:\K\兵智世界v1.2\backend\src\middleware\auth.js:27:5
    at D:\K\兵智世界v1.2\backend\node_modules\jsonwebtoken\verify.js:261:12
    at getSecret (D:\K\兵智世界v1.2\backend\node_modules\jsonwebtoken\verify.js:97:14)
2025-07-24 14:17:49 [ERROR]: Error: SQLITE_ERROR: no such column: phone
--> in Database#get('SELECT id, username, email, name, phone, bio, role, status, created_at, last_login, preferences FROM users WHERE id = ?', [ '4' ], [Function (anonymous)])
    at user (D:\K\兵智世界v1.2\backend\src\services\userService-simple.js:163:12)
    at new Promise (<anonymous>)
    at UserService.getUserById (D:\K\兵智世界v1.2\backend\src\services\userService-simple.js:162:26)
    at D:\K\兵智世界v1.2\backend\src\routes\auth-simple.js:39:38
    at Layer.handle [as handle_request] (D:\K\兵智世界v1.2\backend\node_modules\express\lib\router\layer.js:95:5)
    at next (D:\K\兵智世界v1.2\backend\node_modules\express\lib\router\route.js:149:13)
    at D:\K\兵智世界v1.2\backend\src\middleware\auth.js:27:5
    at D:\K\兵智世界v1.2\backend\node_modules\jsonwebtoken\verify.js:261:12
    at getSecret (D:\K\兵智世界v1.2\backend\node_modules\jsonwebtoken\verify.js:97:14)
2025-07-24 14:17:50 [ERROR]: Error: SQLITE_ERROR: no such column: phone
--> in Database#get('SELECT id, username, email, name, phone, bio, role, status, created_at, last_login, preferences FROM users WHERE id = ?', [ '4' ], [Function (anonymous)])
    at user (D:\K\兵智世界v1.2\backend\src\services\userService-simple.js:163:12)
    at new Promise (<anonymous>)
    at UserService.getUserById (D:\K\兵智世界v1.2\backend\src\services\userService-simple.js:162:26)
    at D:\K\兵智世界v1.2\backend\src\routes\auth-simple.js:39:38
    at Layer.handle [as handle_request] (D:\K\兵智世界v1.2\backend\node_modules\express\lib\router\layer.js:95:5)
    at next (D:\K\兵智世界v1.2\backend\node_modules\express\lib\router\route.js:149:13)
    at D:\K\兵智世界v1.2\backend\src\middleware\auth.js:27:5
    at D:\K\兵智世界v1.2\backend\node_modules\jsonwebtoken\verify.js:261:12
    at getSecret (D:\K\兵智世界v1.2\backend\node_modules\jsonwebtoken\verify.js:97:14)
2025-07-24 14:17:50 [ERROR]: Error: SQLITE_ERROR: no such column: phone
--> in Database#get('SELECT id, username, email, name, phone, bio, role, status, created_at, last_login, preferences FROM users WHERE id = ?', [ '4' ], [Function (anonymous)])
    at user (D:\K\兵智世界v1.2\backend\src\services\userService-simple.js:163:12)
    at new Promise (<anonymous>)
    at UserService.getUserById (D:\K\兵智世界v1.2\backend\src\services\userService-simple.js:162:26)
    at D:\K\兵智世界v1.2\backend\src\routes\auth-simple.js:39:38
    at Layer.handle [as handle_request] (D:\K\兵智世界v1.2\backend\node_modules\express\lib\router\layer.js:95:5)
    at next (D:\K\兵智世界v1.2\backend\node_modules\express\lib\router\route.js:149:13)
    at D:\K\兵智世界v1.2\backend\src\middleware\auth.js:27:5
    at D:\K\兵智世界v1.2\backend\node_modules\jsonwebtoken\verify.js:261:12
    at getSecret (D:\K\兵智世界v1.2\backend\node_modules\jsonwebtoken\verify.js:97:14)
2025-07-24 14:17:50 [ERROR]: Error: SQLITE_ERROR: no such column: phone
--> in Database#get('SELECT id, username, email, name, phone, bio, role, status, created_at, last_login, preferences FROM users WHERE id = ?', [ '4' ], [Function (anonymous)])
    at user (D:\K\兵智世界v1.2\backend\src\services\userService-simple.js:163:12)
    at new Promise (<anonymous>)
    at UserService.getUserById (D:\K\兵智世界v1.2\backend\src\services\userService-simple.js:162:26)
    at D:\K\兵智世界v1.2\backend\src\routes\auth-simple.js:39:38
    at Layer.handle [as handle_request] (D:\K\兵智世界v1.2\backend\node_modules\express\lib\router\layer.js:95:5)
    at next (D:\K\兵智世界v1.2\backend\node_modules\express\lib\router\route.js:149:13)
    at D:\K\兵智世界v1.2\backend\src\middleware\auth.js:27:5
    at D:\K\兵智世界v1.2\backend\node_modules\jsonwebtoken\verify.js:261:12
    at getSecret (D:\K\兵智世界v1.2\backend\node_modules\jsonwebtoken\verify.js:97:14)
2025-07-24 14:17:50 [ERROR]: Error: SQLITE_ERROR: no such column: phone
--> in Database#get('SELECT id, username, email, name, phone, bio, role, status, created_at, last_login, preferences FROM users WHERE id = ?', [ '4' ], [Function (anonymous)])
    at user (D:\K\兵智世界v1.2\backend\src\services\userService-simple.js:163:12)
    at new Promise (<anonymous>)
    at UserService.getUserById (D:\K\兵智世界v1.2\backend\src\services\userService-simple.js:162:26)
    at D:\K\兵智世界v1.2\backend\src\routes\auth-simple.js:39:38
    at Layer.handle [as handle_request] (D:\K\兵智世界v1.2\backend\node_modules\express\lib\router\layer.js:95:5)
    at next (D:\K\兵智世界v1.2\backend\node_modules\express\lib\router\route.js:149:13)
    at D:\K\兵智世界v1.2\backend\src\middleware\auth.js:27:5
    at D:\K\兵智世界v1.2\backend\node_modules\jsonwebtoken\verify.js:261:12
    at getSecret (D:\K\兵智世界v1.2\backend\node_modules\jsonwebtoken\verify.js:97:14)
2025-07-24 14:34:30 [ERROR]: Error: SQLITE_ERROR: no such column: phone
--> in Database#get('SELECT id, username, email, name, phone, bio, role, status, created_at, last_login, preferences FROM users WHERE id = ?', [ '4' ], [Function (anonymous)])
    at user (D:\K\兵智世界v1.2\backend\src\services\userService-simple.js:163:12)
    at new Promise (<anonymous>)
    at UserService.getUserById (D:\K\兵智世界v1.2\backend\src\services\userService-simple.js:162:26)
    at D:\K\兵智世界v1.2\backend\src\routes\auth-simple.js:39:38
    at Layer.handle [as handle_request] (D:\K\兵智世界v1.2\backend\node_modules\express\lib\router\layer.js:95:5)
    at next (D:\K\兵智世界v1.2\backend\node_modules\express\lib\router\route.js:149:13)
    at D:\K\兵智世界v1.2\backend\src\middleware\auth.js:27:5
    at D:\K\兵智世界v1.2\backend\node_modules\jsonwebtoken\verify.js:261:12
    at getSecret (D:\K\兵智世界v1.2\backend\node_modules\jsonwebtoken\verify.js:97:14)
2025-07-24 14:34:30 [ERROR]: Error: SQLITE_ERROR: no such column: phone
--> in Database#get('SELECT id, username, email, name, phone, bio, role, status, created_at, last_login, preferences FROM users WHERE id = ?', [ '4' ], [Function (anonymous)])
    at user (D:\K\兵智世界v1.2\backend\src\services\userService-simple.js:163:12)
    at new Promise (<anonymous>)
    at UserService.getUserById (D:\K\兵智世界v1.2\backend\src\services\userService-simple.js:162:26)
    at D:\K\兵智世界v1.2\backend\src\routes\auth-simple.js:39:38
    at Layer.handle [as handle_request] (D:\K\兵智世界v1.2\backend\node_modules\express\lib\router\layer.js:95:5)
    at next (D:\K\兵智世界v1.2\backend\node_modules\express\lib\router\route.js:149:13)
    at D:\K\兵智世界v1.2\backend\src\middleware\auth.js:27:5
    at D:\K\兵智世界v1.2\backend\node_modules\jsonwebtoken\verify.js:261:12
    at getSecret (D:\K\兵智世界v1.2\backend\node_modules\jsonwebtoken\verify.js:97:14)
2025-07-24 14:35:16 [ERROR]: Error: 用户名或邮箱已存在
    at UserService.registerUser (D:\K\兵智世界v1.2\backend\src\services\userService-simple.js:30:15)
    at async D:\K\兵智世界v1.2\backend\src\routes\auth-simple.js:11:20
2025-07-24 14:35:16 [ERROR]: Error: 用户名或邮箱已存在
    at UserService.registerUser (D:\K\兵智世界v1.2\backend\src\services\userService-simple.js:30:15)
    at async D:\K\兵智世界v1.2\backend\src\routes\auth-simple.js:11:20
2025-07-24 14:35:19 [ERROR]: Error: 用户名或邮箱已存在
    at UserService.registerUser (D:\K\兵智世界v1.2\backend\src\services\userService-simple.js:30:15)
    at async D:\K\兵智世界v1.2\backend\src\routes\auth-simple.js:11:20
2025-07-24 14:35:19 [ERROR]: Error: 用户名或邮箱已存在
    at UserService.registerUser (D:\K\兵智世界v1.2\backend\src\services\userService-simple.js:30:15)
    at async D:\K\兵智世界v1.2\backend\src\routes\auth-simple.js:11:20
2025-07-24 14:36:38 [ERROR]: Error: SQLITE_ERROR: no such column: phone
--> in Database#get('SELECT id, username, email, name, phone, bio, role, status, created_at, last_login, preferences FROM users WHERE id = ?', [ '4' ], [Function (anonymous)])
    at user (D:\K\兵智世界v1.2\backend\src\services\userService-simple.js:163:12)
    at new Promise (<anonymous>)
    at UserService.getUserById (D:\K\兵智世界v1.2\backend\src\services\userService-simple.js:162:26)
    at D:\K\兵智世界v1.2\backend\src\routes\auth-simple.js:39:38
    at Layer.handle [as handle_request] (D:\K\兵智世界v1.2\backend\node_modules\express\lib\router\layer.js:95:5)
    at next (D:\K\兵智世界v1.2\backend\node_modules\express\lib\router\route.js:149:13)
    at D:\K\兵智世界v1.2\backend\src\middleware\auth.js:27:5
    at D:\K\兵智世界v1.2\backend\node_modules\jsonwebtoken\verify.js:261:12
    at getSecret (D:\K\兵智世界v1.2\backend\node_modules\jsonwebtoken\verify.js:97:14)
2025-07-24 14:36:38 [ERROR]: Error: SQLITE_ERROR: no such column: phone
--> in Database#get('SELECT id, username, email, name, phone, bio, role, status, created_at, last_login, preferences FROM users WHERE id = ?', [ '4' ], [Function (anonymous)])
    at user (D:\K\兵智世界v1.2\backend\src\services\userService-simple.js:163:12)
    at new Promise (<anonymous>)
    at UserService.getUserById (D:\K\兵智世界v1.2\backend\src\services\userService-simple.js:162:26)
    at D:\K\兵智世界v1.2\backend\src\routes\auth-simple.js:39:38
    at Layer.handle [as handle_request] (D:\K\兵智世界v1.2\backend\node_modules\express\lib\router\layer.js:95:5)
    at next (D:\K\兵智世界v1.2\backend\node_modules\express\lib\router\route.js:149:13)
    at D:\K\兵智世界v1.2\backend\src\middleware\auth.js:27:5
    at D:\K\兵智世界v1.2\backend\node_modules\jsonwebtoken\verify.js:261:12
    at getSecret (D:\K\兵智世界v1.2\backend\node_modules\jsonwebtoken\verify.js:97:14)
2025-07-24 14:36:46 [ERROR]: Error: 用户名或密码错误
    at UserService.loginUser (D:\K\兵智世界v1.2\backend\src\services\userService-simple.js:100:15)
    at async D:\K\兵智世界v1.2\backend\src\routes\auth-simple.js:25:20
2025-07-24 14:36:46 [ERROR]: Error: 用户名或密码错误
    at UserService.loginUser (D:\K\兵智世界v1.2\backend\src\services\userService-simple.js:100:15)
    at async D:\K\兵智世界v1.2\backend\src\routes\auth-simple.js:25:20
2025-07-24 14:36:53 [ERROR]: Error: SQLITE_ERROR: no such column: phone
--> in Database#get('SELECT id, username, email, name, phone, bio, role, status, created_at, last_login, preferences FROM users WHERE id = ?', [ '4' ], [Function (anonymous)])
    at user (D:\K\兵智世界v1.2\backend\src\services\userService-simple.js:163:12)
    at new Promise (<anonymous>)
    at UserService.getUserById (D:\K\兵智世界v1.2\backend\src\services\userService-simple.js:162:26)
    at D:\K\兵智世界v1.2\backend\src\routes\auth-simple.js:39:38
    at Layer.handle [as handle_request] (D:\K\兵智世界v1.2\backend\node_modules\express\lib\router\layer.js:95:5)
    at next (D:\K\兵智世界v1.2\backend\node_modules\express\lib\router\route.js:149:13)
    at D:\K\兵智世界v1.2\backend\src\middleware\auth.js:27:5
    at D:\K\兵智世界v1.2\backend\node_modules\jsonwebtoken\verify.js:261:12
    at getSecret (D:\K\兵智世界v1.2\backend\node_modules\jsonwebtoken\verify.js:97:14)
2025-07-24 14:36:53 [ERROR]: Error: SQLITE_ERROR: no such column: phone
--> in Database#get('SELECT id, username, email, name, phone, bio, role, status, created_at, last_login, preferences FROM users WHERE id = ?', [ '4' ], [Function (anonymous)])
    at user (D:\K\兵智世界v1.2\backend\src\services\userService-simple.js:163:12)
    at new Promise (<anonymous>)
    at UserService.getUserById (D:\K\兵智世界v1.2\backend\src\services\userService-simple.js:162:26)
    at D:\K\兵智世界v1.2\backend\src\routes\auth-simple.js:39:38
    at Layer.handle [as handle_request] (D:\K\兵智世界v1.2\backend\node_modules\express\lib\router\layer.js:95:5)
    at next (D:\K\兵智世界v1.2\backend\node_modules\express\lib\router\route.js:149:13)
    at D:\K\兵智世界v1.2\backend\src\middleware\auth.js:27:5
    at D:\K\兵智世界v1.2\backend\node_modules\jsonwebtoken\verify.js:261:12
    at getSecret (D:\K\兵智世界v1.2\backend\node_modules\jsonwebtoken\verify.js:97:14)
2025-07-24 14:37:02 [ERROR]: Error: SQLITE_ERROR: no such column: phone
--> in Database#get('SELECT id, username, email, name, phone, bio, role, status, created_at, last_login, preferences FROM users WHERE id = ?', [ '4' ], [Function (anonymous)])
    at user (D:\K\兵智世界v1.2\backend\src\services\userService-simple.js:163:12)
    at new Promise (<anonymous>)
    at UserService.getUserById (D:\K\兵智世界v1.2\backend\src\services\userService-simple.js:162:26)
    at D:\K\兵智世界v1.2\backend\src\routes\auth-simple.js:39:38
    at Layer.handle [as handle_request] (D:\K\兵智世界v1.2\backend\node_modules\express\lib\router\layer.js:95:5)
    at next (D:\K\兵智世界v1.2\backend\node_modules\express\lib\router\route.js:149:13)
    at D:\K\兵智世界v1.2\backend\src\middleware\auth.js:27:5
    at D:\K\兵智世界v1.2\backend\node_modules\jsonwebtoken\verify.js:261:12
    at getSecret (D:\K\兵智世界v1.2\backend\node_modules\jsonwebtoken\verify.js:97:14)
2025-07-24 14:37:02 [ERROR]: Error: SQLITE_ERROR: no such column: phone
--> in Database#get('SELECT id, username, email, name, phone, bio, role, status, created_at, last_login, preferences FROM users WHERE id = ?', [ '4' ], [Function (anonymous)])
    at user (D:\K\兵智世界v1.2\backend\src\services\userService-simple.js:163:12)
    at new Promise (<anonymous>)
    at UserService.getUserById (D:\K\兵智世界v1.2\backend\src\services\userService-simple.js:162:26)
    at D:\K\兵智世界v1.2\backend\src\routes\auth-simple.js:39:38
    at Layer.handle [as handle_request] (D:\K\兵智世界v1.2\backend\node_modules\express\lib\router\layer.js:95:5)
    at next (D:\K\兵智世界v1.2\backend\node_modules\express\lib\router\route.js:149:13)
    at D:\K\兵智世界v1.2\backend\src\middleware\auth.js:27:5
    at D:\K\兵智世界v1.2\backend\node_modules\jsonwebtoken\verify.js:261:12
    at getSecret (D:\K\兵智世界v1.2\backend\node_modules\jsonwebtoken\verify.js:97:14)
2025-07-24 14:37:13 [ERROR]: Error: SQLITE_ERROR: no such column: phone
--> in Database#get('SELECT id, username, email, name, phone, bio, role, status, created_at, last_login, preferences FROM users WHERE id = ?', [ '4' ], [Function (anonymous)])
    at user (D:\K\兵智世界v1.2\backend\src\services\userService-simple.js:163:12)
    at new Promise (<anonymous>)
    at UserService.getUserById (D:\K\兵智世界v1.2\backend\src\services\userService-simple.js:162:26)
    at D:\K\兵智世界v1.2\backend\src\routes\auth-simple.js:39:38
    at Layer.handle [as handle_request] (D:\K\兵智世界v1.2\backend\node_modules\express\lib\router\layer.js:95:5)
    at next (D:\K\兵智世界v1.2\backend\node_modules\express\lib\router\route.js:149:13)
    at D:\K\兵智世界v1.2\backend\src\middleware\auth.js:27:5
    at D:\K\兵智世界v1.2\backend\node_modules\jsonwebtoken\verify.js:261:12
    at getSecret (D:\K\兵智世界v1.2\backend\node_modules\jsonwebtoken\verify.js:97:14)
2025-07-24 14:37:13 [ERROR]: Error: SQLITE_ERROR: no such column: phone
--> in Database#get('SELECT id, username, email, name, phone, bio, role, status, created_at, last_login, preferences FROM users WHERE id = ?', [ '4' ], [Function (anonymous)])
    at user (D:\K\兵智世界v1.2\backend\src\services\userService-simple.js:163:12)
    at new Promise (<anonymous>)
    at UserService.getUserById (D:\K\兵智世界v1.2\backend\src\services\userService-simple.js:162:26)
    at D:\K\兵智世界v1.2\backend\src\routes\auth-simple.js:39:38
    at Layer.handle [as handle_request] (D:\K\兵智世界v1.2\backend\node_modules\express\lib\router\layer.js:95:5)
    at next (D:\K\兵智世界v1.2\backend\node_modules\express\lib\router\route.js:149:13)
    at D:\K\兵智世界v1.2\backend\src\middleware\auth.js:27:5
    at D:\K\兵智世界v1.2\backend\node_modules\jsonwebtoken\verify.js:261:12
    at getSecret (D:\K\兵智世界v1.2\backend\node_modules\jsonwebtoken\verify.js:97:14)
2025-07-24 14:38:14 [ERROR]: Error: SQLITE_ERROR: no such column: phone
--> in Database#get('SELECT id, username, email, name, phone, bio, role, status, created_at, last_login, preferences FROM users WHERE id = ?', [ '4' ], [Function (anonymous)])
    at user (D:\K\兵智世界v1.2\backend\src\services\userService-simple.js:163:12)
    at new Promise (<anonymous>)
    at UserService.getUserById (D:\K\兵智世界v1.2\backend\src\services\userService-simple.js:162:26)
    at D:\K\兵智世界v1.2\backend\src\routes\auth-simple.js:39:38
    at Layer.handle [as handle_request] (D:\K\兵智世界v1.2\backend\node_modules\express\lib\router\layer.js:95:5)
    at next (D:\K\兵智世界v1.2\backend\node_modules\express\lib\router\route.js:149:13)
    at D:\K\兵智世界v1.2\backend\src\middleware\auth.js:27:5
    at D:\K\兵智世界v1.2\backend\node_modules\jsonwebtoken\verify.js:261:12
    at getSecret (D:\K\兵智世界v1.2\backend\node_modules\jsonwebtoken\verify.js:97:14)
2025-07-24 14:38:14 [ERROR]: Error: SQLITE_ERROR: no such column: phone
--> in Database#get('SELECT id, username, email, name, phone, bio, role, status, created_at, last_login, preferences FROM users WHERE id = ?', [ '4' ], [Function (anonymous)])
    at user (D:\K\兵智世界v1.2\backend\src\services\userService-simple.js:163:12)
    at new Promise (<anonymous>)
    at UserService.getUserById (D:\K\兵智世界v1.2\backend\src\services\userService-simple.js:162:26)
    at D:\K\兵智世界v1.2\backend\src\routes\auth-simple.js:39:38
    at Layer.handle [as handle_request] (D:\K\兵智世界v1.2\backend\node_modules\express\lib\router\layer.js:95:5)
    at next (D:\K\兵智世界v1.2\backend\node_modules\express\lib\router\route.js:149:13)
    at D:\K\兵智世界v1.2\backend\src\middleware\auth.js:27:5
    at D:\K\兵智世界v1.2\backend\node_modules\jsonwebtoken\verify.js:261:12
    at getSecret (D:\K\兵智世界v1.2\backend\node_modules\jsonwebtoken\verify.js:97:14)
2025-07-24 14:44:06 [ERROR]: Error: SQLITE_ERROR: no such column: phone
--> in Database#get('SELECT id, username, email, name, phone, bio, role, status, created_at, last_login, preferences FROM users WHERE id = ?', [ '8' ], [Function (anonymous)])
    at user (D:\K\兵智世界v1.2\backend\src\services\userService-simple.js:163:12)
    at new Promise (<anonymous>)
    at UserService.getUserById (D:\K\兵智世界v1.2\backend\src\services\userService-simple.js:162:26)
    at D:\K\兵智世界v1.2\backend\src\routes\auth-simple.js:39:38
    at Layer.handle [as handle_request] (D:\K\兵智世界v1.2\backend\node_modules\express\lib\router\layer.js:95:5)
    at next (D:\K\兵智世界v1.2\backend\node_modules\express\lib\router\route.js:149:13)
    at D:\K\兵智世界v1.2\backend\src\middleware\auth.js:27:5
    at D:\K\兵智世界v1.2\backend\node_modules\jsonwebtoken\verify.js:261:12
    at getSecret (D:\K\兵智世界v1.2\backend\node_modules\jsonwebtoken\verify.js:97:14)
2025-07-24 14:44:06 [ERROR]: Error: SQLITE_ERROR: no such column: phone
--> in Database#get('SELECT id, username, email, name, phone, bio, role, status, created_at, last_login, preferences FROM users WHERE id = ?', [ '8' ], [Function (anonymous)])
    at user (D:\K\兵智世界v1.2\backend\src\services\userService-simple.js:163:12)
    at new Promise (<anonymous>)
    at UserService.getUserById (D:\K\兵智世界v1.2\backend\src\services\userService-simple.js:162:26)
    at D:\K\兵智世界v1.2\backend\src\routes\auth-simple.js:39:38
    at Layer.handle [as handle_request] (D:\K\兵智世界v1.2\backend\node_modules\express\lib\router\layer.js:95:5)
    at next (D:\K\兵智世界v1.2\backend\node_modules\express\lib\router\route.js:149:13)
    at D:\K\兵智世界v1.2\backend\src\middleware\auth.js:27:5
    at D:\K\兵智世界v1.2\backend\node_modules\jsonwebtoken\verify.js:261:12
    at getSecret (D:\K\兵智世界v1.2\backend\node_modules\jsonwebtoken\verify.js:97:14)
2025-07-24 14:47:41 [ERROR]: Error: Illegal arguments: string, undefined
    at _async (D:\K\兵智世界v1.2\backend\node_modules\bcryptjs\dist\bcrypt.js:286:46)
    at D:\K\兵智世界v1.2\backend\node_modules\bcryptjs\dist\bcrypt.js:307:17
    at new Promise (<anonymous>)
    at bcrypt.compare (D:\K\兵智世界v1.2\backend\node_modules\bcryptjs\dist\bcrypt.js:306:20)
    at UserService.loginUser (D:\K\兵智世界v1.2\backend\src\services\userService-simple.js:101:44)
    at async D:\K\兵智世界v1.2\backend\src\routes\auth-simple.js:25:20
2025-07-24 14:47:41 [ERROR]: Error: Illegal arguments: string, undefined
    at _async (D:\K\兵智世界v1.2\backend\node_modules\bcryptjs\dist\bcrypt.js:286:46)
    at D:\K\兵智世界v1.2\backend\node_modules\bcryptjs\dist\bcrypt.js:307:17
    at new Promise (<anonymous>)
    at bcrypt.compare (D:\K\兵智世界v1.2\backend\node_modules\bcryptjs\dist\bcrypt.js:306:20)
    at UserService.loginUser (D:\K\兵智世界v1.2\backend\src\services\userService-simple.js:101:44)
    at async D:\K\兵智世界v1.2\backend\src\routes\auth-simple.js:25:20
2025-07-24 14:47:41 [ERROR]: Error: SQLITE_ERROR: no such column: phone
--> in Database#get('SELECT id, username, email, name, phone, bio, role, created_at FROM users WHERE id = ?', [ '8' ], [Function (anonymous)])
    at user (D:\K\兵智世界v1.2\backend\src\services\userService-simple.js:155:12)
    at new Promise (<anonymous>)
    at UserService.getUserById (D:\K\兵智世界v1.2\backend\src\services\userService-simple.js:154:26)
    at D:\K\兵智世界v1.2\backend\src\routes\auth-simple.js:39:38
    at Layer.handle [as handle_request] (D:\K\兵智世界v1.2\backend\node_modules\express\lib\router\layer.js:95:5)
    at next (D:\K\兵智世界v1.2\backend\node_modules\express\lib\router\route.js:149:13)
    at D:\K\兵智世界v1.2\backend\src\middleware\auth.js:27:5
    at D:\K\兵智世界v1.2\backend\node_modules\jsonwebtoken\verify.js:261:12
    at getSecret (D:\K\兵智世界v1.2\backend\node_modules\jsonwebtoken\verify.js:97:14)
2025-07-24 14:47:41 [ERROR]: Error: SQLITE_ERROR: no such column: phone
--> in Database#get('SELECT id, username, email, name, phone, bio, role, created_at FROM users WHERE id = ?', [ '8' ], [Function (anonymous)])
    at user (D:\K\兵智世界v1.2\backend\src\services\userService-simple.js:155:12)
    at new Promise (<anonymous>)
    at UserService.getUserById (D:\K\兵智世界v1.2\backend\src\services\userService-simple.js:154:26)
    at D:\K\兵智世界v1.2\backend\src\routes\auth-simple.js:39:38
    at Layer.handle [as handle_request] (D:\K\兵智世界v1.2\backend\node_modules\express\lib\router\layer.js:95:5)
    at next (D:\K\兵智世界v1.2\backend\node_modules\express\lib\router\route.js:149:13)
    at D:\K\兵智世界v1.2\backend\src\middleware\auth.js:27:5
    at D:\K\兵智世界v1.2\backend\node_modules\jsonwebtoken\verify.js:261:12
    at getSecret (D:\K\兵智世界v1.2\backend\node_modules\jsonwebtoken\verify.js:97:14)
2025-07-24 14:51:05 [ERROR]: TypeError: userService.loginUser is not a function
    at D:\K\兵智世界v1.2\backend\src\routes\auth-simple.js:25:38
    at Layer.handle [as handle_request] (D:\K\兵智世界v1.2\backend\node_modules\express\lib\router\layer.js:95:5)
    at next (D:\K\兵智世界v1.2\backend\node_modules\express\lib\router\route.js:149:13)
    at D:\K\兵智世界v1.2\backend\src\middleware\validation.js:28:5
    at Layer.handle [as handle_request] (D:\K\兵智世界v1.2\backend\node_modules\express\lib\router\layer.js:95:5)
    at next (D:\K\兵智世界v1.2\backend\node_modules\express\lib\router\route.js:149:13)
    at Route.dispatch (D:\K\兵智世界v1.2\backend\node_modules\express\lib\router\route.js:119:3)
    at Layer.handle [as handle_request] (D:\K\兵智世界v1.2\backend\node_modules\express\lib\router\layer.js:95:5)
    at D:\K\兵智世界v1.2\backend\node_modules\express\lib\router\index.js:284:15
    at router.process_params (D:\K\兵智世界v1.2\backend\node_modules\express\lib\router\index.js:346:12)
2025-07-24 15:07:37 [ERROR]: Error: 密码错误
    at Statement.<anonymous> (D:\K\兵智世界v1.2\backend\src\services\userService-simple.js:142:43)
2025-07-24 15:38:15 [ERROR]: Error: listen EADDRINUSE: address already in use :::3001
    at Server.setupListenHandle [as _listen2] (node:net:1940:16)
    at listenInCluster (node:net:1997:12)
    at Server.listen (node:net:2102:7)
    at app.listen (D:\K\兵智世界v1.2\backend\node_modules\express\lib\application.js:635:24)
    at SimpleApp.start (D:\K\兵智世界v1.2\backend\src\app-simple.js:212:30)
2025-07-25 17:13:38 [ERROR]: Error: listen EADDRINUSE: address already in use :::3001
    at Server.setupListenHandle [as _listen2] (node:net:1940:16)
    at listenInCluster (node:net:1997:12)
    at Server.listen (node:net:2102:7)
    at app.listen (D:\K\兵智世界v1.3\backend\node_modules\express\lib\application.js:635:24)
    at SimpleApp.start (D:\K\兵智世界v1.3\backend\src\app-simple.js:212:30)
2025-07-25 17:14:53 [ERROR]: Error: listen EADDRINUSE: address already in use :::3001
    at Server.setupListenHandle [as _listen2] (node:net:1940:16)
    at listenInCluster (node:net:1997:12)
    at Server.listen (node:net:2102:7)
    at app.listen (D:\K\兵智世界v1.3\backend\node_modules\express\lib\application.js:635:24)
    at SimpleApp.start (D:\K\兵智世界v1.3\backend\src\app-simple.js:212:30)
2025-07-25 17:21:39 [ERROR]: Error: 用户名或邮箱已存在
    at Statement.<anonymous> (D:\K\兵智世界v1.3\backend\src\services\userService-simple.js:37:39)
    at Statement.replacement (D:\K\兵智世界v1.3\backend\node_modules\sqlite3\lib\trace.js:25:27)
    at Statement.replacement (D:\K\兵智世界v1.3\backend\node_modules\sqlite3\lib\trace.js:25:27)
2025-07-25 18:58:15 [ERROR]: Error: listen EADDRINUSE: address already in use :::3001
    at Server.setupListenHandle [as _listen2] (node:net:1940:16)
    at listenInCluster (node:net:1997:12)
    at Server.listen (node:net:2102:7)
    at app.listen (D:\K\兵智世界v1.3\backend\node_modules\express\lib\application.js:635:24)
    at SimpleApp.start (D:\K\兵智世界v1.3\backend\src\app-simple.js:212:30)
2025-07-26 00:10:01 [ERROR]: Error: listen EADDRINUSE: address already in use :::3001
    at Server.setupListenHandle [as _listen2] (node:net:1940:16)
    at listenInCluster (node:net:1997:12)
    at Server.listen (node:net:2102:7)
    at app.listen (D:\K\兵智世界v1.3\backend\node_modules\express\lib\application.js:635:24)
    at SimpleApp.start (D:\K\兵智世界v1.3\backend\src\app-simple.js:212:30)
2025-07-29 12:51:09 [ERROR]: Error: listen EADDRINUSE: address already in use :::3001
    at Server.setupListenHandle [as _listen2] (node:net:1940:16)
    at listenInCluster (node:net:1997:12)
    at Server.listen (node:net:2102:7)
    at app.listen (D:\K\兵智世界v1.3\backend\node_modules\express\lib\application.js:635:24)
    at SimpleApp.start (D:\K\兵智世界v1.3\backend\src\app-simple.js:212:30)
2025-07-29 13:18:43 [ERROR]: Error: listen EADDRINUSE: address already in use :::3001
    at Server.setupListenHandle [as _listen2] (node:net:1940:16)
    at listenInCluster (node:net:1997:12)
    at Server.listen (node:net:2102:7)
    at app.listen (D:\K\兵智世界v1.3\backend\node_modules\express\lib\application.js:635:24)
    at SimpleApp.start (D:\K\兵智世界v1.3\backend\src\app-simple.js:212:30)
2025-07-29 13:18:47 [ERROR]: Error: listen EADDRINUSE: address already in use :::3001
    at Server.setupListenHandle [as _listen2] (node:net:1940:16)
    at listenInCluster (node:net:1997:12)
    at Server.listen (node:net:2102:7)
    at app.listen (D:\K\兵智世界v1.3\backend\node_modules\express\lib\application.js:635:24)
    at SimpleApp.start (D:\K\兵智世界v1.3\backend\src\app-simple.js:212:30)
2025-07-29 18:31:38 [ERROR]: TypeError: Cannot read properties of undefined (reading 'get')
    at Statement.<anonymous> (D:\K\兵智世界v1.3\backend\src\config\database-simple.js:314:25)
2025-07-29 18:32:00 [ERROR]: TypeError: Cannot read properties of undefined (reading 'get')
    at Statement.<anonymous> (D:\K\兵智世界v1.3\backend\src\config\database-simple.js:314:25)
2025-07-29 18:32:38 [ERROR]: TypeError: Cannot read properties of undefined (reading 'get')
    at Statement.<anonymous> (D:\K\兵智世界v1.3\backend\src\config\database-simple.js:314:25)
2025-07-29 18:33:21 [ERROR]: TypeError: Cannot read properties of undefined (reading 'get')
    at Statement.<anonymous> (D:\K\兵智世界v1.3\backend\src\config\database-simple.js:314:25)
2025-07-29 18:39:36 [ERROR]: TypeError: Cannot read properties of undefined (reading 'get')
    at Statement.<anonymous> (D:\K\兵智世界v1.3\backend\src\config\database-simple.js:314:25)
2025-07-29 18:40:02 [ERROR]: TypeError: Cannot read properties of undefined (reading 'get')
    at Statement.<anonymous> (D:\K\兵智世界v1.3\backend\src\config\database-simple.js:314:25)
2025-07-29 18:40:21 [ERROR]: TypeError: Cannot read properties of undefined (reading 'get')
    at Statement.<anonymous> (D:\K\兵智世界v1.3\backend\src\config\database-simple.js:316:20)
2025-07-29 18:40:30 [ERROR]: TypeError: Cannot read properties of undefined (reading 'get')
    at Statement.<anonymous> (D:\K\兵智世界v1.3\backend\src\config\database-simple.js:316:20)
2025-07-30 21:01:47 [ERROR]: Error: listen EADDRINUSE: address already in use :::3001
    at Server.setupListenHandle [as _listen2] (node:net:1940:16)
    at listenInCluster (node:net:1997:12)
    at Server.listen (node:net:2102:7)
    at app.listen (D:\K\兵智世界v1.3\backend\node_modules\express\lib\application.js:635:24)
    at SimpleApp.start (D:\K\兵智世界v1.3\backend\src\app-simple.js:213:30)
2025-08-01 11:59:15 [ERROR]: Error: listen EADDRINUSE: address already in use :::3001
    at Server.setupListenHandle [as _listen2] (node:net:1940:16)
    at listenInCluster (node:net:1997:12)
    at Server.listen (node:net:2102:7)
    at app.listen (D:\K\兵智世界v1.3\backend\node_modules\express\lib\application.js:635:24)
    at SimpleApp.start (D:\K\兵智世界v1.3\backend\src\app-simple.js:214:30)
2025-08-01 12:31:13 [ERROR]: TypeError: Cannot read properties of undefined (reading 'all')
    at D:\K\兵智世界v1.3\backend\src\routes\categories-countries.js:10:8
    at Layer.handle [as handle_request] (D:\K\兵智世界v1.3\backend\node_modules\express\lib\router\layer.js:95:5)
    at next (D:\K\兵智世界v1.3\backend\node_modules\express\lib\router\route.js:149:13)
    at Route.dispatch (D:\K\兵智世界v1.3\backend\node_modules\express\lib\router\route.js:119:3)
    at Layer.handle [as handle_request] (D:\K\兵智世界v1.3\backend\node_modules\express\lib\router\layer.js:95:5)
    at D:\K\兵智世界v1.3\backend\node_modules\express\lib\router\index.js:284:15
    at router.process_params (D:\K\兵智世界v1.3\backend\node_modules\express\lib\router\index.js:346:12)
    at next (D:\K\兵智世界v1.3\backend\node_modules\express\lib\router\index.js:280:10)
    at router.handle (D:\K\兵智世界v1.3\backend\node_modules\express\lib\router\index.js:175:3)
    at router (D:\K\兵智世界v1.3\backend\node_modules\express\lib\router\index.js:47:12)
2025-08-01 12:31:13 [ERROR]: TypeError: Cannot read properties of undefined (reading 'all')
    at D:\K\兵智世界v1.3\backend\src\routes\categories-countries.js:40:8
    at Layer.handle [as handle_request] (D:\K\兵智世界v1.3\backend\node_modules\express\lib\router\layer.js:95:5)
    at next (D:\K\兵智世界v1.3\backend\node_modules\express\lib\router\route.js:149:13)
    at Route.dispatch (D:\K\兵智世界v1.3\backend\node_modules\express\lib\router\route.js:119:3)
    at Layer.handle [as handle_request] (D:\K\兵智世界v1.3\backend\node_modules\express\lib\router\layer.js:95:5)
    at D:\K\兵智世界v1.3\backend\node_modules\express\lib\router\index.js:284:15
    at router.process_params (D:\K\兵智世界v1.3\backend\node_modules\express\lib\router\index.js:346:12)
    at next (D:\K\兵智世界v1.3\backend\node_modules\express\lib\router\index.js:280:10)
    at router.handle (D:\K\兵智世界v1.3\backend\node_modules\express\lib\router\index.js:175:3)
    at router (D:\K\兵智世界v1.3\backend\node_modules\express\lib\router\index.js:47:12)
2025-08-01 12:33:54 [ERROR]: TypeError: Cannot read properties of undefined (reading 'all')
    at D:\K\兵智世界v1.3\backend\src\routes\categories-countries.js:10:8
    at Layer.handle [as handle_request] (D:\K\兵智世界v1.3\backend\node_modules\express\lib\router\layer.js:95:5)
    at next (D:\K\兵智世界v1.3\backend\node_modules\express\lib\router\route.js:149:13)
    at Route.dispatch (D:\K\兵智世界v1.3\backend\node_modules\express\lib\router\route.js:119:3)
    at Layer.handle [as handle_request] (D:\K\兵智世界v1.3\backend\node_modules\express\lib\router\layer.js:95:5)
    at D:\K\兵智世界v1.3\backend\node_modules\express\lib\router\index.js:284:15
    at router.process_params (D:\K\兵智世界v1.3\backend\node_modules\express\lib\router\index.js:346:12)
    at next (D:\K\兵智世界v1.3\backend\node_modules\express\lib\router\index.js:280:10)
    at router.handle (D:\K\兵智世界v1.3\backend\node_modules\express\lib\router\index.js:175:3)
    at router (D:\K\兵智世界v1.3\backend\node_modules\express\lib\router\index.js:47:12)
2025-08-01 12:33:54 [ERROR]: TypeError: Cannot read properties of undefined (reading 'all')
    at D:\K\兵智世界v1.3\backend\src\routes\categories-countries.js:40:8
    at Layer.handle [as handle_request] (D:\K\兵智世界v1.3\backend\node_modules\express\lib\router\layer.js:95:5)
    at next (D:\K\兵智世界v1.3\backend\node_modules\express\lib\router\route.js:149:13)
    at Route.dispatch (D:\K\兵智世界v1.3\backend\node_modules\express\lib\router\route.js:119:3)
    at Layer.handle [as handle_request] (D:\K\兵智世界v1.3\backend\node_modules\express\lib\router\layer.js:95:5)
    at D:\K\兵智世界v1.3\backend\node_modules\express\lib\router\index.js:284:15
    at router.process_params (D:\K\兵智世界v1.3\backend\node_modules\express\lib\router\index.js:346:12)
    at next (D:\K\兵智世界v1.3\backend\node_modules\express\lib\router\index.js:280:10)
    at router.handle (D:\K\兵智世界v1.3\backend\node_modules\express\lib\router\index.js:175:3)
    at router (D:\K\兵智世界v1.3\backend\node_modules\express\lib\router\index.js:47:12)
2025-08-01 12:35:30 [ERROR]: Error: listen EADDRINUSE: address already in use :::3001
    at Server.setupListenHandle [as _listen2] (node:net:1940:16)
    at listenInCluster (node:net:1997:12)
    at Server.listen (node:net:2102:7)
    at app.listen (D:\K\兵智世界v1.3\backend\node_modules\express\lib\application.js:635:24)
    at SimpleApp.start (D:\K\兵智世界v1.3\backend\src\app-simple.js:214:30)
2025-08-01 12:35:31 [ERROR]: TypeError: Cannot read properties of undefined (reading 'all')
    at D:\K\兵智世界v1.3\backend\src\routes\categories-countries.js:10:8
    at Layer.handle [as handle_request] (D:\K\兵智世界v1.3\backend\node_modules\express\lib\router\layer.js:95:5)
    at next (D:\K\兵智世界v1.3\backend\node_modules\express\lib\router\route.js:149:13)
    at Route.dispatch (D:\K\兵智世界v1.3\backend\node_modules\express\lib\router\route.js:119:3)
    at Layer.handle [as handle_request] (D:\K\兵智世界v1.3\backend\node_modules\express\lib\router\layer.js:95:5)
    at D:\K\兵智世界v1.3\backend\node_modules\express\lib\router\index.js:284:15
    at router.process_params (D:\K\兵智世界v1.3\backend\node_modules\express\lib\router\index.js:346:12)
    at next (D:\K\兵智世界v1.3\backend\node_modules\express\lib\router\index.js:280:10)
    at router.handle (D:\K\兵智世界v1.3\backend\node_modules\express\lib\router\index.js:175:3)
    at router (D:\K\兵智世界v1.3\backend\node_modules\express\lib\router\index.js:47:12)
2025-08-01 12:35:31 [ERROR]: TypeError: Cannot read properties of undefined (reading 'all')
    at D:\K\兵智世界v1.3\backend\src\routes\categories-countries.js:40:8
    at Layer.handle [as handle_request] (D:\K\兵智世界v1.3\backend\node_modules\express\lib\router\layer.js:95:5)
    at next (D:\K\兵智世界v1.3\backend\node_modules\express\lib\router\route.js:149:13)
    at Route.dispatch (D:\K\兵智世界v1.3\backend\node_modules\express\lib\router\route.js:119:3)
    at Layer.handle [as handle_request] (D:\K\兵智世界v1.3\backend\node_modules\express\lib\router\layer.js:95:5)
    at D:\K\兵智世界v1.3\backend\node_modules\express\lib\router\index.js:284:15
    at router.process_params (D:\K\兵智世界v1.3\backend\node_modules\express\lib\router\index.js:346:12)
    at next (D:\K\兵智世界v1.3\backend\node_modules\express\lib\router\index.js:280:10)
    at router.handle (D:\K\兵智世界v1.3\backend\node_modules\express\lib\router\index.js:175:3)
    at router (D:\K\兵智世界v1.3\backend\node_modules\express\lib\router\index.js:47:12)
2025-08-01 12:35:44 [ERROR]: TypeError: Cannot read properties of undefined (reading 'all')
    at D:\K\兵智世界v1.3\backend\src\routes\categories-countries.js:10:8
    at Layer.handle [as handle_request] (D:\K\兵智世界v1.3\backend\node_modules\express\lib\router\layer.js:95:5)
    at next (D:\K\兵智世界v1.3\backend\node_modules\express\lib\router\route.js:149:13)
    at Route.dispatch (D:\K\兵智世界v1.3\backend\node_modules\express\lib\router\route.js:119:3)
    at Layer.handle [as handle_request] (D:\K\兵智世界v1.3\backend\node_modules\express\lib\router\layer.js:95:5)
    at D:\K\兵智世界v1.3\backend\node_modules\express\lib\router\index.js:284:15
    at router.process_params (D:\K\兵智世界v1.3\backend\node_modules\express\lib\router\index.js:346:12)
    at next (D:\K\兵智世界v1.3\backend\node_modules\express\lib\router\index.js:280:10)
    at router.handle (D:\K\兵智世界v1.3\backend\node_modules\express\lib\router\index.js:175:3)
    at router (D:\K\兵智世界v1.3\backend\node_modules\express\lib\router\index.js:47:12)
2025-08-01 12:35:45 [ERROR]: TypeError: Cannot read properties of undefined (reading 'all')
    at D:\K\兵智世界v1.3\backend\src\routes\categories-countries.js:40:8
    at Layer.handle [as handle_request] (D:\K\兵智世界v1.3\backend\node_modules\express\lib\router\layer.js:95:5)
    at next (D:\K\兵智世界v1.3\backend\node_modules\express\lib\router\route.js:149:13)
    at Route.dispatch (D:\K\兵智世界v1.3\backend\node_modules\express\lib\router\route.js:119:3)
    at Layer.handle [as handle_request] (D:\K\兵智世界v1.3\backend\node_modules\express\lib\router\layer.js:95:5)
    at D:\K\兵智世界v1.3\backend\node_modules\express\lib\router\index.js:284:15
    at router.process_params (D:\K\兵智世界v1.3\backend\node_modules\express\lib\router\index.js:346:12)
    at next (D:\K\兵智世界v1.3\backend\node_modules\express\lib\router\index.js:280:10)
    at router.handle (D:\K\兵智世界v1.3\backend\node_modules\express\lib\router\index.js:175:3)
    at router (D:\K\兵智世界v1.3\backend\node_modules\express\lib\router\index.js:47:12)
2025-08-01 12:36:05 [ERROR]: TypeError: Cannot read properties of undefined (reading 'all')
    at D:\K\兵智世界v1.3\backend\src\routes\categories-countries.js:48:8
    at Layer.handle [as handle_request] (D:\K\兵智世界v1.3\backend\node_modules\express\lib\router\layer.js:95:5)
    at next (D:\K\兵智世界v1.3\backend\node_modules\express\lib\router\route.js:149:13)
    at Route.dispatch (D:\K\兵智世界v1.3\backend\node_modules\express\lib\router\route.js:119:3)
    at Layer.handle [as handle_request] (D:\K\兵智世界v1.3\backend\node_modules\express\lib\router\layer.js:95:5)
    at D:\K\兵智世界v1.3\backend\node_modules\express\lib\router\index.js:284:15
    at router.process_params (D:\K\兵智世界v1.3\backend\node_modules\express\lib\router\index.js:346:12)
    at next (D:\K\兵智世界v1.3\backend\node_modules\express\lib\router\index.js:280:10)
    at router.handle (D:\K\兵智世界v1.3\backend\node_modules\express\lib\router\index.js:175:3)
    at router (D:\K\兵智世界v1.3\backend\node_modules\express\lib\router\index.js:47:12)
2025-08-01 13:03:52 [ERROR]: TypeError: Cannot read properties of undefined (reading 'all')
    at D:\K\兵智世界v1.3\backend\src\routes\categories-countries.js:10:8
    at Layer.handle [as handle_request] (D:\K\兵智世界v1.3\backend\node_modules\express\lib\router\layer.js:95:5)
    at next (D:\K\兵智世界v1.3\backend\node_modules\express\lib\router\route.js:149:13)
    at Route.dispatch (D:\K\兵智世界v1.3\backend\node_modules\express\lib\router\route.js:119:3)
    at Layer.handle [as handle_request] (D:\K\兵智世界v1.3\backend\node_modules\express\lib\router\layer.js:95:5)
    at D:\K\兵智世界v1.3\backend\node_modules\express\lib\router\index.js:284:15
    at router.process_params (D:\K\兵智世界v1.3\backend\node_modules\express\lib\router\index.js:346:12)
    at next (D:\K\兵智世界v1.3\backend\node_modules\express\lib\router\index.js:280:10)
    at router.handle (D:\K\兵智世界v1.3\backend\node_modules\express\lib\router\index.js:175:3)
    at router (D:\K\兵智世界v1.3\backend\node_modules\express\lib\router\index.js:47:12)
2025-08-01 13:03:52 [ERROR]: TypeError: Cannot read properties of undefined (reading 'all')
    at D:\K\兵智世界v1.3\backend\src\routes\categories-countries.js:40:8
    at Layer.handle [as handle_request] (D:\K\兵智世界v1.3\backend\node_modules\express\lib\router\layer.js:95:5)
    at next (D:\K\兵智世界v1.3\backend\node_modules\express\lib\router\route.js:149:13)
    at Route.dispatch (D:\K\兵智世界v1.3\backend\node_modules\express\lib\router\route.js:119:3)
    at Layer.handle [as handle_request] (D:\K\兵智世界v1.3\backend\node_modules\express\lib\router\layer.js:95:5)
    at D:\K\兵智世界v1.3\backend\node_modules\express\lib\router\index.js:284:15
    at router.process_params (D:\K\兵智世界v1.3\backend\node_modules\express\lib\router\index.js:346:12)
    at next (D:\K\兵智世界v1.3\backend\node_modules\express\lib\router\index.js:280:10)
    at router.handle (D:\K\兵智世界v1.3\backend\node_modules\express\lib\router\index.js:175:3)
    at router (D:\K\兵智世界v1.3\backend\node_modules\express\lib\router\index.js:47:12)
2025-08-01 13:04:10 [ERROR]: TypeError: Cannot read properties of undefined (reading 'all')
    at D:\K\兵智世界v1.3\backend\src\routes\categories-countries.js:10:8
    at Layer.handle [as handle_request] (D:\K\兵智世界v1.3\backend\node_modules\express\lib\router\layer.js:95:5)
    at next (D:\K\兵智世界v1.3\backend\node_modules\express\lib\router\route.js:149:13)
    at Route.dispatch (D:\K\兵智世界v1.3\backend\node_modules\express\lib\router\route.js:119:3)
    at Layer.handle [as handle_request] (D:\K\兵智世界v1.3\backend\node_modules\express\lib\router\layer.js:95:5)
    at D:\K\兵智世界v1.3\backend\node_modules\express\lib\router\index.js:284:15
    at router.process_params (D:\K\兵智世界v1.3\backend\node_modules\express\lib\router\index.js:346:12)
    at next (D:\K\兵智世界v1.3\backend\node_modules\express\lib\router\index.js:280:10)
    at router.handle (D:\K\兵智世界v1.3\backend\node_modules\express\lib\router\index.js:175:3)
    at router (D:\K\兵智世界v1.3\backend\node_modules\express\lib\router\index.js:47:12)
2025-08-01 13:04:10 [ERROR]: TypeError: Cannot read properties of undefined (reading 'all')
    at D:\K\兵智世界v1.3\backend\src\routes\categories-countries.js:40:8
    at Layer.handle [as handle_request] (D:\K\兵智世界v1.3\backend\node_modules\express\lib\router\layer.js:95:5)
    at next (D:\K\兵智世界v1.3\backend\node_modules\express\lib\router\route.js:149:13)
    at Route.dispatch (D:\K\兵智世界v1.3\backend\node_modules\express\lib\router\route.js:119:3)
    at Layer.handle [as handle_request] (D:\K\兵智世界v1.3\backend\node_modules\express\lib\router\layer.js:95:5)
    at D:\K\兵智世界v1.3\backend\node_modules\express\lib\router\index.js:284:15
    at router.process_params (D:\K\兵智世界v1.3\backend\node_modules\express\lib\router\index.js:346:12)
    at next (D:\K\兵智世界v1.3\backend\node_modules\express\lib\router\index.js:280:10)
    at router.handle (D:\K\兵智世界v1.3\backend\node_modules\express\lib\router\index.js:175:3)
    at router (D:\K\兵智世界v1.3\backend\node_modules\express\lib\router\index.js:47:12)
2025-08-01 13:04:20 [ERROR]: TypeError: Cannot read properties of undefined (reading 'all')
    at D:\K\兵智世界v1.3\backend\src\routes\categories-countries.js:10:8
    at Layer.handle [as handle_request] (D:\K\兵智世界v1.3\backend\node_modules\express\lib\router\layer.js:95:5)
    at next (D:\K\兵智世界v1.3\backend\node_modules\express\lib\router\route.js:149:13)
    at Route.dispatch (D:\K\兵智世界v1.3\backend\node_modules\express\lib\router\route.js:119:3)
    at Layer.handle [as handle_request] (D:\K\兵智世界v1.3\backend\node_modules\express\lib\router\layer.js:95:5)
    at D:\K\兵智世界v1.3\backend\node_modules\express\lib\router\index.js:284:15
    at router.process_params (D:\K\兵智世界v1.3\backend\node_modules\express\lib\router\index.js:346:12)
    at next (D:\K\兵智世界v1.3\backend\node_modules\express\lib\router\index.js:280:10)
    at router.handle (D:\K\兵智世界v1.3\backend\node_modules\express\lib\router\index.js:175:3)
    at router (D:\K\兵智世界v1.3\backend\node_modules\express\lib\router\index.js:47:12)
2025-08-01 13:04:20 [ERROR]: TypeError: Cannot read properties of undefined (reading 'all')
    at D:\K\兵智世界v1.3\backend\src\routes\categories-countries.js:40:8
    at Layer.handle [as handle_request] (D:\K\兵智世界v1.3\backend\node_modules\express\lib\router\layer.js:95:5)
    at next (D:\K\兵智世界v1.3\backend\node_modules\express\lib\router\route.js:149:13)
    at Route.dispatch (D:\K\兵智世界v1.3\backend\node_modules\express\lib\router\route.js:119:3)
    at Layer.handle [as handle_request] (D:\K\兵智世界v1.3\backend\node_modules\express\lib\router\layer.js:95:5)
    at D:\K\兵智世界v1.3\backend\node_modules\express\lib\router\index.js:284:15
    at router.process_params (D:\K\兵智世界v1.3\backend\node_modules\express\lib\router\index.js:346:12)
    at next (D:\K\兵智世界v1.3\backend\node_modules\express\lib\router\index.js:280:10)
    at router.handle (D:\K\兵智世界v1.3\backend\node_modules\express\lib\router\index.js:175:3)
    at router (D:\K\兵智世界v1.3\backend\node_modules\express\lib\router\index.js:47:12)
2025-08-01 13:05:47 [ERROR]: TypeError: Cannot read properties of undefined (reading 'all')
    at D:\K\兵智世界v1.3\backend\src\routes\categories-countries.js:10:8
    at Layer.handle [as handle_request] (D:\K\兵智世界v1.3\backend\node_modules\express\lib\router\layer.js:95:5)
    at next (D:\K\兵智世界v1.3\backend\node_modules\express\lib\router\route.js:149:13)
    at Route.dispatch (D:\K\兵智世界v1.3\backend\node_modules\express\lib\router\route.js:119:3)
    at Layer.handle [as handle_request] (D:\K\兵智世界v1.3\backend\node_modules\express\lib\router\layer.js:95:5)
    at D:\K\兵智世界v1.3\backend\node_modules\express\lib\router\index.js:284:15
    at router.process_params (D:\K\兵智世界v1.3\backend\node_modules\express\lib\router\index.js:346:12)
    at next (D:\K\兵智世界v1.3\backend\node_modules\express\lib\router\index.js:280:10)
    at router.handle (D:\K\兵智世界v1.3\backend\node_modules\express\lib\router\index.js:175:3)
    at router (D:\K\兵智世界v1.3\backend\node_modules\express\lib\router\index.js:47:12)
2025-08-01 13:05:47 [ERROR]: TypeError: Cannot read properties of undefined (reading 'all')
    at D:\K\兵智世界v1.3\backend\src\routes\categories-countries.js:40:8
    at Layer.handle [as handle_request] (D:\K\兵智世界v1.3\backend\node_modules\express\lib\router\layer.js:95:5)
    at next (D:\K\兵智世界v1.3\backend\node_modules\express\lib\router\route.js:149:13)
    at Route.dispatch (D:\K\兵智世界v1.3\backend\node_modules\express\lib\router\route.js:119:3)
    at Layer.handle [as handle_request] (D:\K\兵智世界v1.3\backend\node_modules\express\lib\router\layer.js:95:5)
    at D:\K\兵智世界v1.3\backend\node_modules\express\lib\router\index.js:284:15
    at router.process_params (D:\K\兵智世界v1.3\backend\node_modules\express\lib\router\index.js:346:12)
    at next (D:\K\兵智世界v1.3\backend\node_modules\express\lib\router\index.js:280:10)
    at router.handle (D:\K\兵智世界v1.3\backend\node_modules\express\lib\router\index.js:175:3)
    at router (D:\K\兵智世界v1.3\backend\node_modules\express\lib\router\index.js:47:12)
2025-08-01 13:05:49 [ERROR]: TypeError: Cannot read properties of undefined (reading 'all')
    at D:\K\兵智世界v1.3\backend\src\routes\categories-countries.js:10:8
    at Layer.handle [as handle_request] (D:\K\兵智世界v1.3\backend\node_modules\express\lib\router\layer.js:95:5)
    at next (D:\K\兵智世界v1.3\backend\node_modules\express\lib\router\route.js:149:13)
    at Route.dispatch (D:\K\兵智世界v1.3\backend\node_modules\express\lib\router\route.js:119:3)
    at Layer.handle [as handle_request] (D:\K\兵智世界v1.3\backend\node_modules\express\lib\router\layer.js:95:5)
    at D:\K\兵智世界v1.3\backend\node_modules\express\lib\router\index.js:284:15
    at router.process_params (D:\K\兵智世界v1.3\backend\node_modules\express\lib\router\index.js:346:12)
    at next (D:\K\兵智世界v1.3\backend\node_modules\express\lib\router\index.js:280:10)
    at router.handle (D:\K\兵智世界v1.3\backend\node_modules\express\lib\router\index.js:175:3)
    at router (D:\K\兵智世界v1.3\backend\node_modules\express\lib\router\index.js:47:12)
2025-08-01 13:05:49 [ERROR]: TypeError: Cannot read properties of undefined (reading 'all')
    at D:\K\兵智世界v1.3\backend\src\routes\categories-countries.js:40:8
    at Layer.handle [as handle_request] (D:\K\兵智世界v1.3\backend\node_modules\express\lib\router\layer.js:95:5)
    at next (D:\K\兵智世界v1.3\backend\node_modules\express\lib\router\route.js:149:13)
    at Route.dispatch (D:\K\兵智世界v1.3\backend\node_modules\express\lib\router\route.js:119:3)
    at Layer.handle [as handle_request] (D:\K\兵智世界v1.3\backend\node_modules\express\lib\router\layer.js:95:5)
    at D:\K\兵智世界v1.3\backend\node_modules\express\lib\router\index.js:284:15
    at router.process_params (D:\K\兵智世界v1.3\backend\node_modules\express\lib\router\index.js:346:12)
    at next (D:\K\兵智世界v1.3\backend\node_modules\express\lib\router\index.js:280:10)
    at router.handle (D:\K\兵智世界v1.3\backend\node_modules\express\lib\router\index.js:175:3)
    at router (D:\K\兵智世界v1.3\backend\node_modules\express\lib\router\index.js:47:12)
2025-08-01 13:05:59 [ERROR]: TypeError: Cannot read properties of undefined (reading 'get')
    at D:\K\兵智世界v1.3\backend\src\routes\categories-countries.js:79:8
    at Layer.handle [as handle_request] (D:\K\兵智世界v1.3\backend\node_modules\express\lib\router\layer.js:95:5)
    at next (D:\K\兵智世界v1.3\backend\node_modules\express\lib\router\route.js:149:13)
    at Route.dispatch (D:\K\兵智世界v1.3\backend\node_modules\express\lib\router\route.js:119:3)
    at Layer.handle [as handle_request] (D:\K\兵智世界v1.3\backend\node_modules\express\lib\router\layer.js:95:5)
    at D:\K\兵智世界v1.3\backend\node_modules\express\lib\router\index.js:284:15
    at router.process_params (D:\K\兵智世界v1.3\backend\node_modules\express\lib\router\index.js:346:12)
    at next (D:\K\兵智世界v1.3\backend\node_modules\express\lib\router\index.js:280:10)
    at router.handle (D:\K\兵智世界v1.3\backend\node_modules\express\lib\router\index.js:175:3)
    at router (D:\K\兵智世界v1.3\backend\node_modules\express\lib\router\index.js:47:12)
2025-08-01 13:05:59 [ERROR]: TypeError: Cannot read properties of undefined (reading 'get')
    at D:\K\兵智世界v1.3\backend\src\routes\categories-countries.js:160:8
    at Layer.handle [as handle_request] (D:\K\兵智世界v1.3\backend\node_modules\express\lib\router\layer.js:95:5)
    at next (D:\K\兵智世界v1.3\backend\node_modules\express\lib\router\route.js:149:13)
    at Route.dispatch (D:\K\兵智世界v1.3\backend\node_modules\express\lib\router\route.js:119:3)
    at Layer.handle [as handle_request] (D:\K\兵智世界v1.3\backend\node_modules\express\lib\router\layer.js:95:5)
    at D:\K\兵智世界v1.3\backend\node_modules\express\lib\router\index.js:284:15
    at router.process_params (D:\K\兵智世界v1.3\backend\node_modules\express\lib\router\index.js:346:12)
    at next (D:\K\兵智世界v1.3\backend\node_modules\express\lib\router\index.js:280:10)
    at router.handle (D:\K\兵智世界v1.3\backend\node_modules\express\lib\router\index.js:175:3)
    at router (D:\K\兵智世界v1.3\backend\node_modules\express\lib\router\index.js:47:12)
2025-08-01 13:06:02 [ERROR]: TypeError: Cannot read properties of undefined (reading 'all')
    at D:\K\兵智世界v1.3\backend\src\routes\categories-countries.js:10:8
    at Layer.handle [as handle_request] (D:\K\兵智世界v1.3\backend\node_modules\express\lib\router\layer.js:95:5)
    at next (D:\K\兵智世界v1.3\backend\node_modules\express\lib\router\route.js:149:13)
    at Route.dispatch (D:\K\兵智世界v1.3\backend\node_modules\express\lib\router\route.js:119:3)
    at Layer.handle [as handle_request] (D:\K\兵智世界v1.3\backend\node_modules\express\lib\router\layer.js:95:5)
    at D:\K\兵智世界v1.3\backend\node_modules\express\lib\router\index.js:284:15
    at router.process_params (D:\K\兵智世界v1.3\backend\node_modules\express\lib\router\index.js:346:12)
    at next (D:\K\兵智世界v1.3\backend\node_modules\express\lib\router\index.js:280:10)
    at router.handle (D:\K\兵智世界v1.3\backend\node_modules\express\lib\router\index.js:175:3)
    at router (D:\K\兵智世界v1.3\backend\node_modules\express\lib\router\index.js:47:12)
2025-08-01 13:06:02 [ERROR]: TypeError: Cannot read properties of undefined (reading 'all')
    at D:\K\兵智世界v1.3\backend\src\routes\categories-countries.js:40:8
    at Layer.handle [as handle_request] (D:\K\兵智世界v1.3\backend\node_modules\express\lib\router\layer.js:95:5)
    at next (D:\K\兵智世界v1.3\backend\node_modules\express\lib\router\route.js:149:13)
    at Route.dispatch (D:\K\兵智世界v1.3\backend\node_modules\express\lib\router\route.js:119:3)
    at Layer.handle [as handle_request] (D:\K\兵智世界v1.3\backend\node_modules\express\lib\router\layer.js:95:5)
    at D:\K\兵智世界v1.3\backend\node_modules\express\lib\router\index.js:284:15
    at router.process_params (D:\K\兵智世界v1.3\backend\node_modules\express\lib\router\index.js:346:12)
    at next (D:\K\兵智世界v1.3\backend\node_modules\express\lib\router\index.js:280:10)
    at router.handle (D:\K\兵智世界v1.3\backend\node_modules\express\lib\router\index.js:175:3)
    at router (D:\K\兵智世界v1.3\backend\node_modules\express\lib\router\index.js:47:12)
2025-08-01 13:06:03 [ERROR]: TypeError: Cannot read properties of undefined (reading 'all')
    at D:\K\兵智世界v1.3\backend\src\routes\categories-countries.js:10:8
    at Layer.handle [as handle_request] (D:\K\兵智世界v1.3\backend\node_modules\express\lib\router\layer.js:95:5)
    at next (D:\K\兵智世界v1.3\backend\node_modules\express\lib\router\route.js:149:13)
    at Route.dispatch (D:\K\兵智世界v1.3\backend\node_modules\express\lib\router\route.js:119:3)
    at Layer.handle [as handle_request] (D:\K\兵智世界v1.3\backend\node_modules\express\lib\router\layer.js:95:5)
    at D:\K\兵智世界v1.3\backend\node_modules\express\lib\router\index.js:284:15
    at router.process_params (D:\K\兵智世界v1.3\backend\node_modules\express\lib\router\index.js:346:12)
    at next (D:\K\兵智世界v1.3\backend\node_modules\express\lib\router\index.js:280:10)
    at router.handle (D:\K\兵智世界v1.3\backend\node_modules\express\lib\router\index.js:175:3)
    at router (D:\K\兵智世界v1.3\backend\node_modules\express\lib\router\index.js:47:12)
2025-08-01 13:06:03 [ERROR]: TypeError: Cannot read properties of undefined (reading 'all')
    at D:\K\兵智世界v1.3\backend\src\routes\categories-countries.js:40:8
    at Layer.handle [as handle_request] (D:\K\兵智世界v1.3\backend\node_modules\express\lib\router\layer.js:95:5)
    at next (D:\K\兵智世界v1.3\backend\node_modules\express\lib\router\route.js:149:13)
    at Route.dispatch (D:\K\兵智世界v1.3\backend\node_modules\express\lib\router\route.js:119:3)
    at Layer.handle [as handle_request] (D:\K\兵智世界v1.3\backend\node_modules\express\lib\router\layer.js:95:5)
    at D:\K\兵智世界v1.3\backend\node_modules\express\lib\router\index.js:284:15
    at router.process_params (D:\K\兵智世界v1.3\backend\node_modules\express\lib\router\index.js:346:12)
    at next (D:\K\兵智世界v1.3\backend\node_modules\express\lib\router\index.js:280:10)
    at router.handle (D:\K\兵智世界v1.3\backend\node_modules\express\lib\router\index.js:175:3)
    at router (D:\K\兵智世界v1.3\backend\node_modules\express\lib\router\index.js:47:12)
2025-08-01 13:06:04 [ERROR]: TypeError: Cannot read properties of undefined (reading 'all')
    at D:\K\兵智世界v1.3\backend\src\routes\categories-countries.js:10:8
    at Layer.handle [as handle_request] (D:\K\兵智世界v1.3\backend\node_modules\express\lib\router\layer.js:95:5)
    at next (D:\K\兵智世界v1.3\backend\node_modules\express\lib\router\route.js:149:13)
    at Route.dispatch (D:\K\兵智世界v1.3\backend\node_modules\express\lib\router\route.js:119:3)
    at Layer.handle [as handle_request] (D:\K\兵智世界v1.3\backend\node_modules\express\lib\router\layer.js:95:5)
    at D:\K\兵智世界v1.3\backend\node_modules\express\lib\router\index.js:284:15
    at router.process_params (D:\K\兵智世界v1.3\backend\node_modules\express\lib\router\index.js:346:12)
    at next (D:\K\兵智世界v1.3\backend\node_modules\express\lib\router\index.js:280:10)
    at router.handle (D:\K\兵智世界v1.3\backend\node_modules\express\lib\router\index.js:175:3)
    at router (D:\K\兵智世界v1.3\backend\node_modules\express\lib\router\index.js:47:12)
2025-08-01 13:06:04 [ERROR]: TypeError: Cannot read properties of undefined (reading 'all')
    at D:\K\兵智世界v1.3\backend\src\routes\categories-countries.js:40:8
    at Layer.handle [as handle_request] (D:\K\兵智世界v1.3\backend\node_modules\express\lib\router\layer.js:95:5)
    at next (D:\K\兵智世界v1.3\backend\node_modules\express\lib\router\route.js:149:13)
    at Route.dispatch (D:\K\兵智世界v1.3\backend\node_modules\express\lib\router\route.js:119:3)
    at Layer.handle [as handle_request] (D:\K\兵智世界v1.3\backend\node_modules\express\lib\router\layer.js:95:5)
    at D:\K\兵智世界v1.3\backend\node_modules\express\lib\router\index.js:284:15
    at router.process_params (D:\K\兵智世界v1.3\backend\node_modules\express\lib\router\index.js:346:12)
    at next (D:\K\兵智世界v1.3\backend\node_modules\express\lib\router\index.js:280:10)
    at router.handle (D:\K\兵智世界v1.3\backend\node_modules\express\lib\router\index.js:175:3)
    at router (D:\K\兵智世界v1.3\backend\node_modules\express\lib\router\index.js:47:12)
2025-08-01 13:06:04 [ERROR]: TypeError: Cannot read properties of undefined (reading 'all')
    at D:\K\兵智世界v1.3\backend\src\routes\categories-countries.js:10:8
    at Layer.handle [as handle_request] (D:\K\兵智世界v1.3\backend\node_modules\express\lib\router\layer.js:95:5)
    at next (D:\K\兵智世界v1.3\backend\node_modules\express\lib\router\route.js:149:13)
    at Route.dispatch (D:\K\兵智世界v1.3\backend\node_modules\express\lib\router\route.js:119:3)
    at Layer.handle [as handle_request] (D:\K\兵智世界v1.3\backend\node_modules\express\lib\router\layer.js:95:5)
    at D:\K\兵智世界v1.3\backend\node_modules\express\lib\router\index.js:284:15
    at router.process_params (D:\K\兵智世界v1.3\backend\node_modules\express\lib\router\index.js:346:12)
    at next (D:\K\兵智世界v1.3\backend\node_modules\express\lib\router\index.js:280:10)
    at router.handle (D:\K\兵智世界v1.3\backend\node_modules\express\lib\router\index.js:175:3)
    at router (D:\K\兵智世界v1.3\backend\node_modules\express\lib\router\index.js:47:12)
2025-08-01 13:06:04 [ERROR]: TypeError: Cannot read properties of undefined (reading 'all')
    at D:\K\兵智世界v1.3\backend\src\routes\categories-countries.js:40:8
    at Layer.handle [as handle_request] (D:\K\兵智世界v1.3\backend\node_modules\express\lib\router\layer.js:95:5)
    at next (D:\K\兵智世界v1.3\backend\node_modules\express\lib\router\route.js:149:13)
    at Route.dispatch (D:\K\兵智世界v1.3\backend\node_modules\express\lib\router\route.js:119:3)
    at Layer.handle [as handle_request] (D:\K\兵智世界v1.3\backend\node_modules\express\lib\router\layer.js:95:5)
    at D:\K\兵智世界v1.3\backend\node_modules\express\lib\router\index.js:284:15
    at router.process_params (D:\K\兵智世界v1.3\backend\node_modules\express\lib\router\index.js:346:12)
    at next (D:\K\兵智世界v1.3\backend\node_modules\express\lib\router\index.js:280:10)
    at router.handle (D:\K\兵智世界v1.3\backend\node_modules\express\lib\router\index.js:175:3)
    at router (D:\K\兵智世界v1.3\backend\node_modules\express\lib\router\index.js:47:12)
2025-08-01 13:06:04 [ERROR]: TypeError: Cannot read properties of undefined (reading 'all')
    at D:\K\兵智世界v1.3\backend\src\routes\categories-countries.js:10:8
    at Layer.handle [as handle_request] (D:\K\兵智世界v1.3\backend\node_modules\express\lib\router\layer.js:95:5)
    at next (D:\K\兵智世界v1.3\backend\node_modules\express\lib\router\route.js:149:13)
    at Route.dispatch (D:\K\兵智世界v1.3\backend\node_modules\express\lib\router\route.js:119:3)
    at Layer.handle [as handle_request] (D:\K\兵智世界v1.3\backend\node_modules\express\lib\router\layer.js:95:5)
    at D:\K\兵智世界v1.3\backend\node_modules\express\lib\router\index.js:284:15
    at router.process_params (D:\K\兵智世界v1.3\backend\node_modules\express\lib\router\index.js:346:12)
    at next (D:\K\兵智世界v1.3\backend\node_modules\express\lib\router\index.js:280:10)
    at router.handle (D:\K\兵智世界v1.3\backend\node_modules\express\lib\router\index.js:175:3)
    at router (D:\K\兵智世界v1.3\backend\node_modules\express\lib\router\index.js:47:12)
2025-08-01 13:06:04 [ERROR]: TypeError: Cannot read properties of undefined (reading 'all')
    at D:\K\兵智世界v1.3\backend\src\routes\categories-countries.js:40:8
    at Layer.handle [as handle_request] (D:\K\兵智世界v1.3\backend\node_modules\express\lib\router\layer.js:95:5)
    at next (D:\K\兵智世界v1.3\backend\node_modules\express\lib\router\route.js:149:13)
    at Route.dispatch (D:\K\兵智世界v1.3\backend\node_modules\express\lib\router\route.js:119:3)
    at Layer.handle [as handle_request] (D:\K\兵智世界v1.3\backend\node_modules\express\lib\router\layer.js:95:5)
    at D:\K\兵智世界v1.3\backend\node_modules\express\lib\router\index.js:284:15
    at router.process_params (D:\K\兵智世界v1.3\backend\node_modules\express\lib\router\index.js:346:12)
    at next (D:\K\兵智世界v1.3\backend\node_modules\express\lib\router\index.js:280:10)
    at router.handle (D:\K\兵智世界v1.3\backend\node_modules\express\lib\router\index.js:175:3)
    at router (D:\K\兵智世界v1.3\backend\node_modules\express\lib\router\index.js:47:12)
2025-08-01 13:06:17 [ERROR]: TypeError: Cannot read properties of undefined (reading 'get')
    at D:\K\兵智世界v1.3\backend\src\routes\categories-countries.js:79:8
    at Layer.handle [as handle_request] (D:\K\兵智世界v1.3\backend\node_modules\express\lib\router\layer.js:95:5)
    at next (D:\K\兵智世界v1.3\backend\node_modules\express\lib\router\route.js:149:13)
    at Route.dispatch (D:\K\兵智世界v1.3\backend\node_modules\express\lib\router\route.js:119:3)
    at Layer.handle [as handle_request] (D:\K\兵智世界v1.3\backend\node_modules\express\lib\router\layer.js:95:5)
    at D:\K\兵智世界v1.3\backend\node_modules\express\lib\router\index.js:284:15
    at router.process_params (D:\K\兵智世界v1.3\backend\node_modules\express\lib\router\index.js:346:12)
    at next (D:\K\兵智世界v1.3\backend\node_modules\express\lib\router\index.js:280:10)
    at router.handle (D:\K\兵智世界v1.3\backend\node_modules\express\lib\router\index.js:175:3)
    at router (D:\K\兵智世界v1.3\backend\node_modules\express\lib\router\index.js:47:12)
2025-08-01 13:06:17 [ERROR]: TypeError: Cannot read properties of undefined (reading 'get')
    at D:\K\兵智世界v1.3\backend\src\routes\categories-countries.js:160:8
    at Layer.handle [as handle_request] (D:\K\兵智世界v1.3\backend\node_modules\express\lib\router\layer.js:95:5)
    at next (D:\K\兵智世界v1.3\backend\node_modules\express\lib\router\route.js:149:13)
    at Route.dispatch (D:\K\兵智世界v1.3\backend\node_modules\express\lib\router\route.js:119:3)
    at Layer.handle [as handle_request] (D:\K\兵智世界v1.3\backend\node_modules\express\lib\router\layer.js:95:5)
    at D:\K\兵智世界v1.3\backend\node_modules\express\lib\router\index.js:284:15
    at router.process_params (D:\K\兵智世界v1.3\backend\node_modules\express\lib\router\index.js:346:12)
    at next (D:\K\兵智世界v1.3\backend\node_modules\express\lib\router\index.js:280:10)
    at router.handle (D:\K\兵智世界v1.3\backend\node_modules\express\lib\router\index.js:175:3)
    at router (D:\K\兵智世界v1.3\backend\node_modules\express\lib\router\index.js:47:12)
2025-08-01 13:07:24 [ERROR]: TypeError: Cannot read properties of undefined (reading 'all')
    at D:\K\兵智世界v1.3\backend\src\routes\categories-countries.js:10:8
    at Layer.handle [as handle_request] (D:\K\兵智世界v1.3\backend\node_modules\express\lib\router\layer.js:95:5)
    at next (D:\K\兵智世界v1.3\backend\node_modules\express\lib\router\route.js:149:13)
    at Route.dispatch (D:\K\兵智世界v1.3\backend\node_modules\express\lib\router\route.js:119:3)
    at Layer.handle [as handle_request] (D:\K\兵智世界v1.3\backend\node_modules\express\lib\router\layer.js:95:5)
    at D:\K\兵智世界v1.3\backend\node_modules\express\lib\router\index.js:284:15
    at router.process_params (D:\K\兵智世界v1.3\backend\node_modules\express\lib\router\index.js:346:12)
    at next (D:\K\兵智世界v1.3\backend\node_modules\express\lib\router\index.js:280:10)
    at router.handle (D:\K\兵智世界v1.3\backend\node_modules\express\lib\router\index.js:175:3)
    at router (D:\K\兵智世界v1.3\backend\node_modules\express\lib\router\index.js:47:12)
2025-08-01 13:07:25 [ERROR]: TypeError: Cannot read properties of undefined (reading 'all')
    at D:\K\兵智世界v1.3\backend\src\routes\categories-countries.js:40:8
    at Layer.handle [as handle_request] (D:\K\兵智世界v1.3\backend\node_modules\express\lib\router\layer.js:95:5)
    at next (D:\K\兵智世界v1.3\backend\node_modules\express\lib\router\route.js:149:13)
    at Route.dispatch (D:\K\兵智世界v1.3\backend\node_modules\express\lib\router\route.js:119:3)
    at Layer.handle [as handle_request] (D:\K\兵智世界v1.3\backend\node_modules\express\lib\router\layer.js:95:5)
    at D:\K\兵智世界v1.3\backend\node_modules\express\lib\router\index.js:284:15
    at router.process_params (D:\K\兵智世界v1.3\backend\node_modules\express\lib\router\index.js:346:12)
    at next (D:\K\兵智世界v1.3\backend\node_modules\express\lib\router\index.js:280:10)
    at router.handle (D:\K\兵智世界v1.3\backend\node_modules\express\lib\router\index.js:175:3)
    at router (D:\K\兵智世界v1.3\backend\node_modules\express\lib\router\index.js:47:12)
2025-08-01 13:07:36 [ERROR]: TypeError: Cannot read properties of undefined (reading 'all')
    at D:\K\兵智世界v1.3\backend\src\routes\categories-countries.js:10:8
    at Layer.handle [as handle_request] (D:\K\兵智世界v1.3\backend\node_modules\express\lib\router\layer.js:95:5)
    at next (D:\K\兵智世界v1.3\backend\node_modules\express\lib\router\route.js:149:13)
    at Route.dispatch (D:\K\兵智世界v1.3\backend\node_modules\express\lib\router\route.js:119:3)
    at Layer.handle [as handle_request] (D:\K\兵智世界v1.3\backend\node_modules\express\lib\router\layer.js:95:5)
    at D:\K\兵智世界v1.3\backend\node_modules\express\lib\router\index.js:284:15
    at router.process_params (D:\K\兵智世界v1.3\backend\node_modules\express\lib\router\index.js:346:12)
    at next (D:\K\兵智世界v1.3\backend\node_modules\express\lib\router\index.js:280:10)
    at router.handle (D:\K\兵智世界v1.3\backend\node_modules\express\lib\router\index.js:175:3)
    at router (D:\K\兵智世界v1.3\backend\node_modules\express\lib\router\index.js:47:12)
2025-08-01 13:07:36 [ERROR]: TypeError: Cannot read properties of undefined (reading 'all')
    at D:\K\兵智世界v1.3\backend\src\routes\categories-countries.js:40:8
    at Layer.handle [as handle_request] (D:\K\兵智世界v1.3\backend\node_modules\express\lib\router\layer.js:95:5)
    at next (D:\K\兵智世界v1.3\backend\node_modules\express\lib\router\route.js:149:13)
    at Route.dispatch (D:\K\兵智世界v1.3\backend\node_modules\express\lib\router\route.js:119:3)
    at Layer.handle [as handle_request] (D:\K\兵智世界v1.3\backend\node_modules\express\lib\router\layer.js:95:5)
    at D:\K\兵智世界v1.3\backend\node_modules\express\lib\router\index.js:284:15
    at router.process_params (D:\K\兵智世界v1.3\backend\node_modules\express\lib\router\index.js:346:12)
    at next (D:\K\兵智世界v1.3\backend\node_modules\express\lib\router\index.js:280:10)
    at router.handle (D:\K\兵智世界v1.3\backend\node_modules\express\lib\router\index.js:175:3)
    at router (D:\K\兵智世界v1.3\backend\node_modules\express\lib\router\index.js:47:12)
2025-08-01 13:08:33 [ERROR]: TypeError: Cannot read properties of undefined (reading 'all')
    at D:\K\兵智世界v1.3\backend\src\routes\categories-countries.js:10:8
    at Layer.handle [as handle_request] (D:\K\兵智世界v1.3\backend\node_modules\express\lib\router\layer.js:95:5)
    at next (D:\K\兵智世界v1.3\backend\node_modules\express\lib\router\route.js:149:13)
    at Route.dispatch (D:\K\兵智世界v1.3\backend\node_modules\express\lib\router\route.js:119:3)
    at Layer.handle [as handle_request] (D:\K\兵智世界v1.3\backend\node_modules\express\lib\router\layer.js:95:5)
    at D:\K\兵智世界v1.3\backend\node_modules\express\lib\router\index.js:284:15
    at router.process_params (D:\K\兵智世界v1.3\backend\node_modules\express\lib\router\index.js:346:12)
    at next (D:\K\兵智世界v1.3\backend\node_modules\express\lib\router\index.js:280:10)
    at router.handle (D:\K\兵智世界v1.3\backend\node_modules\express\lib\router\index.js:175:3)
    at router (D:\K\兵智世界v1.3\backend\node_modules\express\lib\router\index.js:47:12)
2025-08-01 13:08:34 [ERROR]: TypeError: Cannot read properties of undefined (reading 'all')
    at D:\K\兵智世界v1.3\backend\src\routes\categories-countries.js:40:8
    at Layer.handle [as handle_request] (D:\K\兵智世界v1.3\backend\node_modules\express\lib\router\layer.js:95:5)
    at next (D:\K\兵智世界v1.3\backend\node_modules\express\lib\router\route.js:149:13)
    at Route.dispatch (D:\K\兵智世界v1.3\backend\node_modules\express\lib\router\route.js:119:3)
    at Layer.handle [as handle_request] (D:\K\兵智世界v1.3\backend\node_modules\express\lib\router\layer.js:95:5)
    at D:\K\兵智世界v1.3\backend\node_modules\express\lib\router\index.js:284:15
    at router.process_params (D:\K\兵智世界v1.3\backend\node_modules\express\lib\router\index.js:346:12)
    at next (D:\K\兵智世界v1.3\backend\node_modules\express\lib\router\index.js:280:10)
    at router.handle (D:\K\兵智世界v1.3\backend\node_modules\express\lib\router\index.js:175:3)
    at router (D:\K\兵智世界v1.3\backend\node_modules\express\lib\router\index.js:47:12)
2025-08-01 13:08:49 [ERROR]: TypeError: Cannot read properties of undefined (reading 'get')
    at D:\K\兵智世界v1.3\backend\src\routes\categories-countries.js:79:8
    at Layer.handle [as handle_request] (D:\K\兵智世界v1.3\backend\node_modules\express\lib\router\layer.js:95:5)
    at next (D:\K\兵智世界v1.3\backend\node_modules\express\lib\router\route.js:149:13)
    at Route.dispatch (D:\K\兵智世界v1.3\backend\node_modules\express\lib\router\route.js:119:3)
    at Layer.handle [as handle_request] (D:\K\兵智世界v1.3\backend\node_modules\express\lib\router\layer.js:95:5)
    at D:\K\兵智世界v1.3\backend\node_modules\express\lib\router\index.js:284:15
    at router.process_params (D:\K\兵智世界v1.3\backend\node_modules\express\lib\router\index.js:346:12)
    at next (D:\K\兵智世界v1.3\backend\node_modules\express\lib\router\index.js:280:10)
    at router.handle (D:\K\兵智世界v1.3\backend\node_modules\express\lib\router\index.js:175:3)
    at router (D:\K\兵智世界v1.3\backend\node_modules\express\lib\router\index.js:47:12)
2025-08-01 13:08:49 [ERROR]: TypeError: Cannot read properties of undefined (reading 'get')
    at D:\K\兵智世界v1.3\backend\src\routes\categories-countries.js:160:8
    at Layer.handle [as handle_request] (D:\K\兵智世界v1.3\backend\node_modules\express\lib\router\layer.js:95:5)
    at next (D:\K\兵智世界v1.3\backend\node_modules\express\lib\router\route.js:149:13)
    at Route.dispatch (D:\K\兵智世界v1.3\backend\node_modules\express\lib\router\route.js:119:3)
    at Layer.handle [as handle_request] (D:\K\兵智世界v1.3\backend\node_modules\express\lib\router\layer.js:95:5)
    at D:\K\兵智世界v1.3\backend\node_modules\express\lib\router\index.js:284:15
    at router.process_params (D:\K\兵智世界v1.3\backend\node_modules\express\lib\router\index.js:346:12)
    at next (D:\K\兵智世界v1.3\backend\node_modules\express\lib\router\index.js:280:10)
    at router.handle (D:\K\兵智世界v1.3\backend\node_modules\express\lib\router\index.js:175:3)
    at router (D:\K\兵智世界v1.3\backend\node_modules\express\lib\router\index.js:47:12)
2025-08-01 13:22:44 [ERROR]: Error: listen EADDRINUSE: address already in use :::3001
    at Server.setupListenHandle [as _listen2] (node:net:1940:16)
    at listenInCluster (node:net:1997:12)
    at Server.listen (node:net:2102:7)
    at app.listen (D:\K\兵智世界v1.3\backend\node_modules\express\lib\application.js:635:24)
    at SimpleApp.start (D:\K\兵智世界v1.3\backend\src\app-simple.js:215:30)
2025-08-01 13:35:35 [ERROR]: Error: listen EADDRINUSE: address already in use :::3001
    at Server.setupListenHandle [as _listen2] (node:net:1940:16)
    at listenInCluster (node:net:1997:12)
    at Server.listen (node:net:2102:7)
    at app.listen (D:\K\兵智世界v1.3\backend\node_modules\express\lib\application.js:635:24)
    at SimpleApp.start (D:\K\兵智世界v1.3\backend\src\app-simple.js:214:30)
2025-08-01 14:10:21 [ERROR]: Error: listen EADDRINUSE: address already in use :::3001
    at Server.setupListenHandle [as _listen2] (node:net:1940:16)
    at listenInCluster (node:net:1997:12)
    at Server.listen (node:net:2102:7)
    at app.listen (D:\K\兵智世界v1.3\backend\node_modules\express\lib\application.js:635:24)
    at SimpleApp.start (D:\K\兵智世界v1.3\backend\src\app-simple.js:214:30)
2025-08-01 14:55:20 [ERROR]: Error: listen EADDRINUSE: address already in use :::3001
    at Server.setupListenHandle [as _listen2] (node:net:1940:16)
    at listenInCluster (node:net:1997:12)
    at Server.listen (node:net:2102:7)
    at app.listen (D:\K\兵智世界v1.3\backend\node_modules\express\lib\application.js:635:24)
    at SimpleApp.start (D:\K\兵智世界v1.3\backend\src\app-simple.js:218:30)
2025-08-01 14:55:38 [ERROR]: Error: SQLITE_ERROR: no such column: created_at
--> in Database#all('SELECT id, name, description, created_at \n' +
  '         FROM categories \n' +
  "         WHERE name IS NOT NULL AND name != ''\n" +
  '         ORDER BY name ASC', [Function (anonymous)])
    at types (D:\K\兵智世界v1.3\backend\src\routes\weapon-types.js:13:10)
    at new Promise (<anonymous>)
    at D:\K\兵智世界v1.3\backend\src\routes\weapon-types.js:12:25
    at Layer.handle [as handle_request] (D:\K\兵智世界v1.3\backend\node_modules\express\lib\router\layer.js:95:5)
    at next (D:\K\兵智世界v1.3\backend\node_modules\express\lib\router\route.js:149:13)
    at optionalAuth (D:\K\兵智世界v1.3\backend\src\middleware\auth.js:38:12)
    at Layer.handle [as handle_request] (D:\K\兵智世界v1.3\backend\node_modules\express\lib\router\layer.js:95:5)
    at next (D:\K\兵智世界v1.3\backend\node_modules\express\lib\router\route.js:149:13)
    at Route.dispatch (D:\K\兵智世界v1.3\backend\node_modules\express\lib\router\route.js:119:3)
2025-08-01 14:56:24 [ERROR]: Error: SQLITE_ERROR: no such column: created_at
--> in Database#all('SELECT id, name, description, created_at \n' +
  '         FROM categories \n' +
  "         WHERE name IS NOT NULL AND name != ''\n" +
  '         ORDER BY name ASC', [Function (anonymous)])
    at types (D:\K\兵智世界v1.3\backend\src\routes\weapon-types.js:13:10)
    at new Promise (<anonymous>)
    at D:\K\兵智世界v1.3\backend\src\routes\weapon-types.js:12:25
    at Layer.handle [as handle_request] (D:\K\兵智世界v1.3\backend\node_modules\express\lib\router\layer.js:95:5)
    at next (D:\K\兵智世界v1.3\backend\node_modules\express\lib\router\route.js:149:13)
    at optionalAuth (D:\K\兵智世界v1.3\backend\src\middleware\auth.js:38:12)
    at Layer.handle [as handle_request] (D:\K\兵智世界v1.3\backend\node_modules\express\lib\router\layer.js:95:5)
    at next (D:\K\兵智世界v1.3\backend\node_modules\express\lib\router\route.js:149:13)
    at Route.dispatch (D:\K\兵智世界v1.3\backend\node_modules\express\lib\router\route.js:119:3)
2025-08-01 14:56:37 [ERROR]: Error: SQLITE_ERROR: no such column: created_at
--> in Database#all('SELECT id, name, description, created_at \n' +
  '         FROM categories \n' +
  "         WHERE name IS NOT NULL AND name != ''\n" +
  '         ORDER BY name ASC', [Function (anonymous)])
    at types (D:\K\兵智世界v1.3\backend\src\routes\weapon-types.js:13:10)
    at new Promise (<anonymous>)
    at D:\K\兵智世界v1.3\backend\src\routes\weapon-types.js:12:25
    at Layer.handle [as handle_request] (D:\K\兵智世界v1.3\backend\node_modules\express\lib\router\layer.js:95:5)
    at next (D:\K\兵智世界v1.3\backend\node_modules\express\lib\router\route.js:149:13)
    at optionalAuth (D:\K\兵智世界v1.3\backend\src\middleware\auth.js:38:12)
    at Layer.handle [as handle_request] (D:\K\兵智世界v1.3\backend\node_modules\express\lib\router\layer.js:95:5)
    at next (D:\K\兵智世界v1.3\backend\node_modules\express\lib\router\route.js:149:13)
    at Route.dispatch (D:\K\兵智世界v1.3\backend\node_modules\express\lib\router\route.js:119:3)
2025-08-01 14:56:48 [ERROR]: Error: SQLITE_ERROR: no such column: created_at
--> in Database#all('SELECT id, name, description, created_at \n' +
  '         FROM categories \n' +
  "         WHERE name IS NOT NULL AND name != ''\n" +
  '         ORDER BY name ASC', [Function (anonymous)])
    at types (D:\K\兵智世界v1.3\backend\src\routes\weapon-types.js:13:10)
    at new Promise (<anonymous>)
    at D:\K\兵智世界v1.3\backend\src\routes\weapon-types.js:12:25
    at Layer.handle [as handle_request] (D:\K\兵智世界v1.3\backend\node_modules\express\lib\router\layer.js:95:5)
    at next (D:\K\兵智世界v1.3\backend\node_modules\express\lib\router\route.js:149:13)
    at optionalAuth (D:\K\兵智世界v1.3\backend\src\middleware\auth.js:38:12)
    at Layer.handle [as handle_request] (D:\K\兵智世界v1.3\backend\node_modules\express\lib\router\layer.js:95:5)
    at next (D:\K\兵智世界v1.3\backend\node_modules\express\lib\router\route.js:149:13)
    at Route.dispatch (D:\K\兵智世界v1.3\backend\node_modules\express\lib\router\route.js:119:3)
2025-08-01 15:15:16 [ERROR]: Error: listen EADDRINUSE: address already in use :::3001
    at Server.setupListenHandle [as _listen2] (node:net:1940:16)
    at listenInCluster (node:net:1997:12)
    at Server.listen (node:net:2102:7)
    at app.listen (D:\K\兵智世界v1.3\backend\node_modules\express\lib\application.js:635:24)
    at SimpleApp.start (D:\K\兵智世界v1.3\backend\src\app-simple.js:218:30)
2025-08-01 15:29:36 [ERROR]: Error: listen EADDRINUSE: address already in use :::3001
    at Server.setupListenHandle [as _listen2] (node:net:1940:16)
    at listenInCluster (node:net:1997:12)
    at Server.listen (node:net:2102:7)
    at app.listen (D:\K\兵智世界v1.3\backend\node_modules\express\lib\application.js:635:24)
    at SimpleApp.start (D:\K\兵智世界v1.3\backend\src\app-simple.js:218:30)
2025-08-01 15:45:41 [ERROR]: Error: listen EADDRINUSE: address already in use :::3001
    at Server.setupListenHandle [as _listen2] (node:net:1940:16)
    at listenInCluster (node:net:1997:12)
    at Server.listen (node:net:2102:7)
    at app.listen (D:\K\兵智世界v1.3\backend\node_modules\express\lib\application.js:635:24)
    at SimpleApp.start (D:\K\兵智世界v1.3\backend\src\app-simple.js:218:30)
2025-08-01 15:46:24 [ERROR]: Error: listen EADDRINUSE: address already in use :::3001
    at Server.setupListenHandle [as _listen2] (node:net:1940:16)
    at listenInCluster (node:net:1997:12)
    at Server.listen (node:net:2102:7)
    at app.listen (D:\K\兵智世界v1.3\backend\node_modules\express\lib\application.js:635:24)
    at SimpleApp.start (D:\K\兵智世界v1.3\backend\src\app-simple.js:218:30)
2025-08-01 16:40:14 [ERROR]: Error: listen EADDRINUSE: address already in use :::3001
    at Server.setupListenHandle [as _listen2] (node:net:1940:16)
    at listenInCluster (node:net:1997:12)
    at Server.listen (node:net:2102:7)
    at app.listen (D:\K\兵智世界v1.3\backend\node_modules\express\lib\application.js:635:24)
    at SimpleApp.start (D:\K\兵智世界v1.3\backend\src\app-simple.js:218:30)
2025-08-01 17:03:45 [ERROR]: Error: listen EADDRINUSE: address already in use :::3001
    at Server.setupListenHandle [as _listen2] (node:net:1940:16)
    at listenInCluster (node:net:1997:12)
    at Server.listen (node:net:2102:7)
    at app.listen (D:\K\兵智世界v1.3\backend\node_modules\express\lib\application.js:635:24)
    at SimpleApp.start (D:\K\兵智世界v1.3\backend\src\app-simple.js:218:30)
2025-08-03 13:43:04 [ERROR]: Error: listen EADDRINUSE: address already in use :::3001
    at Server.setupListenHandle [as _listen2] (node:net:1940:16)
    at listenInCluster (node:net:1997:12)
    at Server.listen (node:net:2102:7)
    at app.listen (D:\K\兵智世界v1.3\backend\node_modules\express\lib\application.js:635:24)
    at SimpleApp.start (D:\K\兵智世界v1.3\backend\src\app-simple.js:218:30)
2025-08-03 16:09:23 [ERROR]: Error: listen EADDRINUSE: address already in use :::3001
    at Server.setupListenHandle [as _listen2] (node:net:1940:16)
    at listenInCluster (node:net:1997:12)
    at Server.listen (node:net:2102:7)
    at app.listen (D:\K\兵智世界v1.3\backend\node_modules\express\lib\application.js:635:24)
    at SimpleApp.start (D:\K\兵智世界v1.3\backend\src\app-simple.js:218:30)
2025-08-04 12:56:46 [ERROR]: Error: listen EADDRINUSE: address already in use :::3001
    at Server.setupListenHandle [as _listen2] (node:net:1940:16)
    at listenInCluster (node:net:1997:12)
    at Server.listen (node:net:2102:7)
    at app.listen (D:\K\兵智世界v1.3\backend\node_modules\express\lib\application.js:635:24)
    at SimpleApp.start (D:\K\兵智世界v1.3\backend\src\app-simple.js:218:30)
2025-08-04 13:05:35 [ERROR]: Error: listen EADDRINUSE: address already in use :::3001
    at Server.setupListenHandle [as _listen2] (node:net:1940:16)
    at listenInCluster (node:net:1997:12)
    at Server.listen (node:net:2102:7)
    at app.listen (D:\K\兵智世界v1.3\backend\node_modules\express\lib\application.js:635:24)
    at SimpleApp.start (D:\K\兵智世界v1.3\backend\src\app-simple.js:218:30)
2025-08-04 13:13:26 [ERROR]: Error: listen EADDRINUSE: address already in use :::3001
    at Server.setupListenHandle [as _listen2] (node:net:1940:16)
    at listenInCluster (node:net:1997:12)
    at Server.listen (node:net:2102:7)
    at app.listen (D:\K\兵智世界v1.3\backend\node_modules\express\lib\application.js:635:24)
    at SimpleApp.start (D:\K\兵智世界v1.3\backend\src\app-simple.js:219:30)
2025-08-04 13:14:19 [ERROR]: Error: listen EADDRINUSE: address already in use :::3001
    at Server.setupListenHandle [as _listen2] (node:net:1940:16)
    at listenInCluster (node:net:1997:12)
    at Server.listen (node:net:2102:7)
    at app.listen (D:\K\兵智世界v1.3\backend\node_modules\express\lib\application.js:635:24)
    at SimpleApp.start (D:\K\兵智世界v1.3\backend\src\app-simple.js:218:30)
2025-08-04 13:15:49 [ERROR]: Error: listen EADDRINUSE: address already in use :::3001
    at Server.setupListenHandle [as _listen2] (node:net:1940:16)
    at listenInCluster (node:net:1997:12)
    at Server.listen (node:net:2102:7)
    at app.listen (D:\K\兵智世界v1.3\backend\node_modules\express\lib\application.js:635:24)
    at SimpleApp.start (D:\K\兵智世界v1.3\backend\src\app-simple.js:218:30)
2025-08-04 16:58:37 [ERROR]: Error: SQLITE_ERROR: ambiguous column name: name
2025-08-04 16:58:38 [ERROR]: Error: SQLITE_ERROR: ambiguous column name: name
2025-08-04 16:58:58 [ERROR]: Error: SQLITE_ERROR: ambiguous column name: name
2025-08-04 16:59:04 [ERROR]: Error: SQLITE_ERROR: ambiguous column name: name
2025-08-04 16:59:04 [ERROR]: Error: SQLITE_ERROR: ambiguous column name: name
2025-08-04 16:59:05 [ERROR]: Error: SQLITE_ERROR: ambiguous column name: name
2025-08-04 16:59:05 [ERROR]: Error: SQLITE_ERROR: ambiguous column name: name
2025-08-04 16:59:05 [ERROR]: Error: SQLITE_ERROR: ambiguous column name: name
2025-08-04 16:59:05 [ERROR]: Error: SQLITE_ERROR: ambiguous column name: name
2025-08-04 16:59:05 [ERROR]: Error: SQLITE_ERROR: ambiguous column name: name
2025-08-04 16:59:15 [ERROR]: Error: SQLITE_ERROR: ambiguous column name: name
2025-08-04 16:59:15 [ERROR]: Error: SQLITE_ERROR: ambiguous column name: name
2025-08-04 16:59:15 [ERROR]: Error: SQLITE_ERROR: ambiguous column name: name
2025-08-04 16:59:16 [ERROR]: Error: SQLITE_ERROR: ambiguous column name: name
2025-08-04 16:59:55 [ERROR]: Error: SQLITE_ERROR: ambiguous column name: name
2025-08-04 16:59:55 [ERROR]: Error: SQLITE_ERROR: ambiguous column name: name
2025-08-04 16:59:56 [ERROR]: Error: SQLITE_ERROR: ambiguous column name: name
2025-08-04 16:59:56 [ERROR]: Error: SQLITE_ERROR: ambiguous column name: name
2025-08-04 16:59:56 [ERROR]: Error: SQLITE_ERROR: ambiguous column name: name
2025-08-04 17:01:21 [ERROR]: Error: SQLITE_ERROR: ambiguous column name: name
2025-08-05 15:06:19 [ERROR]: Error: listen EADDRINUSE: address already in use :::3001
    at Server.setupListenHandle [as _listen2] (node:net:1940:16)
    at listenInCluster (node:net:1997:12)
    at Server.listen (node:net:2102:7)
    at app.listen (D:\K\兵智世界v1.3\backend\node_modules\express\lib\application.js:635:24)
    at SimpleApp.start (D:\K\兵智世界v1.3\backend\src\app-simple.js:219:30)
2025-08-05 15:08:40 [ERROR]: Error: listen EADDRINUSE: address already in use :::3001
    at Server.setupListenHandle [as _listen2] (node:net:1940:16)
    at listenInCluster (node:net:1997:12)
    at Server.listen (node:net:2102:7)
    at app.listen (D:\K\兵智世界v1.3\backend\node_modules\express\lib\application.js:635:24)
    at SimpleApp.start (D:\K\兵智世界v1.3\backend\src\app-simple.js:220:30)
2025-08-05 15:30:11 [ERROR]: Error: listen EADDRINUSE: address already in use :::3001
    at Server.setupListenHandle [as _listen2] (node:net:1940:16)
    at listenInCluster (node:net:1997:12)
    at Server.listen (node:net:2102:7)
    at app.listen (D:\K\兵智世界v1.3\backend\node_modules\express\lib\application.js:635:24)
    at SimpleApp.start (D:\K\兵智世界v1.3\backend\src\app-simple.js:220:30)
2025-08-05 15:30:20 [ERROR]: Error: listen EADDRINUSE: address already in use :::3001
    at Server.setupListenHandle [as _listen2] (node:net:1940:16)
    at listenInCluster (node:net:1997:12)
    at Server.listen (node:net:2102:7)
    at app.listen (D:\K\兵智世界v1.3\backend\node_modules\express\lib\application.js:635:24)
    at SimpleApp.start (D:\K\兵智世界v1.3\backend\src\app-simple.js:220:30)
2025-08-05 15:38:54 [ERROR]: Error: listen EADDRINUSE: address already in use :::3001
    at Server.setupListenHandle [as _listen2] (node:net:1940:16)
    at listenInCluster (node:net:1997:12)
    at Server.listen (node:net:2102:7)
    at app.listen (D:\K\兵智世界v1.3\backend\node_modules\express\lib\application.js:635:24)
    at SimpleApp.start (D:\K\兵智世界v1.3\backend\src\app-simple.js:220:30)
2025-08-05 15:38:58 [ERROR]: Error: listen EADDRINUSE: address already in use :::3001
    at Server.setupListenHandle [as _listen2] (node:net:1940:16)
    at listenInCluster (node:net:1997:12)
    at Server.listen (node:net:2102:7)
    at app.listen (D:\K\兵智世界v1.3\backend\node_modules\express\lib\application.js:635:24)
    at SimpleApp.start (D:\K\兵智世界v1.3\backend\src\app-simple.js:220:30)
2025-08-05 16:01:21 [ERROR]: Error: listen EADDRINUSE: address already in use :::3001
    at Server.setupListenHandle [as _listen2] (node:net:1940:16)
    at listenInCluster (node:net:1997:12)
    at Server.listen (node:net:2102:7)
    at app.listen (D:\K\兵智世界v1.3\backend\node_modules\express\lib\application.js:635:24)
    at SimpleApp.start (D:\K\兵智世界v1.3\backend\src\app-simple.js:220:30)
2025-08-05 16:02:41 [ERROR]: Error: listen EADDRINUSE: address already in use :::3001
    at Server.setupListenHandle [as _listen2] (node:net:1940:16)
    at listenInCluster (node:net:1997:12)
    at Server.listen (node:net:2102:7)
    at app.listen (D:\K\兵智世界v1.3\backend\node_modules\express\lib\application.js:635:24)
    at SimpleApp.start (D:\K\兵智世界v1.3\backend\src\app-simple.js:220:30)
2025-08-08 11:13:30 [ERROR]: Error: listen EADDRINUSE: address already in use :::3001
    at Server.setupListenHandle [as _listen2] (node:net:1940:16)
    at listenInCluster (node:net:1997:12)
    at Server.listen (node:net:2102:7)
    at app.listen (D:\K\兵智世界v1.3\backend\node_modules\express\lib\application.js:635:24)
    at SimpleApp.start (D:\K\兵智世界v1.3\backend\src\app-simple.js:220:30)
2025-08-08 11:18:33 [ERROR]: Error: listen EADDRINUSE: address already in use :::3001
    at Server.setupListenHandle [as _listen2] (node:net:1940:16)
    at listenInCluster (node:net:1997:12)
    at Server.listen (node:net:2102:7)
    at app.listen (D:\K\兵智世界v1.3\backend\node_modules\express\lib\application.js:635:24)
    at SimpleApp.start (D:\K\兵智世界v1.3\backend\src\app-simple.js:220:30)
2025-08-08 11:18:39 [ERROR]: Error: listen EADDRINUSE: address already in use :::3001
    at Server.setupListenHandle [as _listen2] (node:net:1940:16)
    at listenInCluster (node:net:1997:12)
    at Server.listen (node:net:2102:7)
    at app.listen (D:\K\兵智世界v1.3\backend\node_modules\express\lib\application.js:635:24)
    at SimpleApp.start (D:\K\兵智世界v1.3\backend\src\app-simple.js:220:30)
2025-08-08 11:35:26 [ERROR]: Error: listen EADDRINUSE: address already in use :::3001
    at Server.setupListenHandle [as _listen2] (node:net:1940:16)
    at listenInCluster (node:net:1997:12)
    at Server.listen (node:net:2102:7)
    at app.listen (D:\K\兵智世界v1.3\backend\node_modules\express\lib\application.js:635:24)
    at SimpleApp.start (D:\K\兵智世界v1.3\backend\src\app-simple.js:221:30)
2025-08-08 11:44:23 [ERROR]: Error: listen EADDRINUSE: address already in use :::3001
    at Server.setupListenHandle [as _listen2] (node:net:1940:16)
    at listenInCluster (node:net:1997:12)
    at Server.listen (node:net:2102:7)
    at app.listen (D:\K\兵智世界v1.3\backend\node_modules\express\lib\application.js:635:24)
    at SimpleApp.start (D:\K\兵智世界v1.3\backend\src\app-simple.js:221:30)
2025-08-08 11:58:44 [ERROR]: Error: listen EADDRINUSE: address already in use :::3001
    at Server.setupListenHandle [as _listen2] (node:net:1940:16)
    at listenInCluster (node:net:1997:12)
    at Server.listen (node:net:2102:7)
    at app.listen (D:\K\兵智世界v1.3\backend\node_modules\express\lib\application.js:635:24)
    at SimpleApp.start (D:\K\兵智世界v1.3\backend\src\app-simple.js:221:30)
2025-08-08 12:06:01 [ERROR]: SyntaxError: Bad escaped character in JSON at position 15 (line 1 column 16)
    at JSON.parse (<anonymous>)
    at parse (D:\K\兵智世界v1.3\backend\node_modules\body-parser\lib\types\json.js:92:19)
    at D:\K\兵智世界v1.3\backend\node_modules\body-parser\lib\read.js:128:18
    at AsyncResource.runInAsyncScope (node:async_hooks:214:14)
    at invokeCallback (D:\K\兵智世界v1.3\backend\node_modules\raw-body\index.js:238:16)
    at done (D:\K\兵智世界v1.3\backend\node_modules\raw-body\index.js:227:7)
    at IncomingMessage.onEnd (D:\K\兵智世界v1.3\backend\node_modules\raw-body\index.js:287:7)
    at IncomingMessage.emit (node:events:507:28)
    at endReadableNT (node:internal/streams/readable:1701:12)
    at process.processTicksAndRejections (node:internal/process/task_queues:90:21)
2025-08-08 12:06:09 [ERROR]: SyntaxError: Bad escaped character in JSON at position 15 (line 1 column 16)
    at JSON.parse (<anonymous>)
    at parse (D:\K\兵智世界v1.3\backend\node_modules\body-parser\lib\types\json.js:92:19)
    at D:\K\兵智世界v1.3\backend\node_modules\body-parser\lib\read.js:128:18
    at AsyncResource.runInAsyncScope (node:async_hooks:214:14)
    at invokeCallback (D:\K\兵智世界v1.3\backend\node_modules\raw-body\index.js:238:16)
    at done (D:\K\兵智世界v1.3\backend\node_modules\raw-body\index.js:227:7)
    at IncomingMessage.onEnd (D:\K\兵智世界v1.3\backend\node_modules\raw-body\index.js:287:7)
    at IncomingMessage.emit (node:events:507:28)
    at endReadableNT (node:internal/streams/readable:1701:12)
    at process.processTicksAndRejections (node:internal/process/task_queues:90:21)
2025-08-08 12:30:03 [ERROR]: Error: listen EADDRINUSE: address already in use :::3001
    at Server.setupListenHandle [as _listen2] (node:net:1940:16)
    at listenInCluster (node:net:1997:12)
    at Server.listen (node:net:2102:7)
    at app.listen (D:\K\兵智世界v1.3\backend\node_modules\express\lib\application.js:635:24)
    at SimpleApp.start (D:\K\兵智世界v1.3\backend\src\app-simple.js:221:30)
2025-08-11 11:58:53 [ERROR]: Error: listen EADDRINUSE: address already in use :::3001
    at Server.setupListenHandle [as _listen2] (node:net:1940:16)
    at listenInCluster (node:net:1997:12)
    at Server.listen (node:net:2102:7)
    at app.listen (D:\K\兵智世界v1.3\backend\node_modules\express\lib\application.js:635:24)
    at SimpleApp.start (D:\K\兵智世界v1.3\backend\src\app-simple.js:222:30)
2025-08-11 12:21:53 [ERROR]: Error: listen EADDRINUSE: address already in use :::3001
    at Server.setupListenHandle [as _listen2] (node:net:1940:16)
    at listenInCluster (node:net:1997:12)
    at Server.listen (node:net:2102:7)
    at app.listen (D:\K\兵智世界v1.3\backend\node_modules\express\lib\application.js:635:24)
    at SimpleApp.start (D:\K\兵智世界v1.3\backend\src\app-simple.js:222:30)
2025-08-11 12:41:15 [ERROR]: Error: listen EADDRINUSE: address already in use :::3001
    at Server.setupListenHandle [as _listen2] (node:net:1940:16)
    at listenInCluster (node:net:1997:12)
    at Server.listen (node:net:2102:7)
    at app.listen (D:\K\兵智世界v1.3\backend\node_modules\express\lib\application.js:635:24)
    at SimpleApp.start (D:\K\兵智世界v1.3\backend\src\app-simple.js:222:30)
2025-08-11 12:43:36 [ERROR]: Error: listen EADDRINUSE: address already in use :::3001
    at Server.setupListenHandle [as _listen2] (node:net:1940:16)
    at listenInCluster (node:net:1997:12)
    at Server.listen (node:net:2102:7)
    at app.listen (D:\K\兵智世界v1.3\backend\node_modules\express\lib\application.js:635:24)
    at SimpleApp.start (D:\K\兵智世界v1.3\backend\src\app-simple.js:222:30)
2025-08-12 14:19:12 [ERROR]: Error: listen EADDRINUSE: address already in use :::3001
    at Server.setupListenHandle [as _listen2] (node:net:1940:16)
    at listenInCluster (node:net:1997:12)
    at Server.listen (node:net:2102:7)
    at app.listen (D:\K\兵智世界v1.3\backend\node_modules\express\lib\application.js:635:24)
    at SimpleApp.start (D:\K\兵智世界v1.3\backend\src\app-simple.js:222:30)
2025-08-12 14:19:41 [ERROR]: Error: listen EADDRINUSE: address already in use :::3001
    at Server.setupListenHandle [as _listen2] (node:net:1940:16)
    at listenInCluster (node:net:1997:12)
    at Server.listen (node:net:2102:7)
    at app.listen (D:\K\兵智世界v1.3\backend\node_modules\express\lib\application.js:635:24)
    at SimpleApp.start (D:\K\兵智世界v1.3\backend\src\app-simple.js:222:30)
2025-08-12 14:24:01 [ERROR]: Error: listen EADDRINUSE: address already in use :::3001
    at Server.setupListenHandle [as _listen2] (node:net:1940:16)
    at listenInCluster (node:net:1997:12)
    at Server.listen (node:net:2102:7)
    at app.listen (D:\K\兵智世界v1.3\backend\node_modules\express\lib\application.js:635:24)
    at SimpleApp.start (D:\K\兵智世界v1.3\backend\src\app-simple.js:222:30)
2025-09-16 00:08:29 [ERROR]: Error: listen EADDRINUSE: address already in use :::3001
    at Server.setupListenHandle [as _listen2] (node:net:1940:16)
    at listenInCluster (node:net:1997:12)
    at Server.listen (node:net:2102:7)
    at app.listen (D:\K\兵智世界v1.3\backend\node_modules\express\lib\application.js:635:24)
    at SimpleApp.start (D:\K\兵智世界v1.3\backend\src\app-simple.js:226:30)
2025-09-17 01:28:58 [ERROR]: Error: listen EADDRINUSE: address already in use :::3001
    at Server.setupListenHandle [as _listen2] (node:net:1940:16)
    at listenInCluster (node:net:1997:12)
    at Server.listen (node:net:2102:7)
    at app.listen (D:\K\兵智世界v1.3\backend\node_modules\express\lib\application.js:635:24)
    at SimpleApp.start (D:\K\兵智世界v1.3\backend\src\app-simple.js:226:30)
2025-09-17 01:33:13 [ERROR]: Error: listen EADDRINUSE: address already in use :::3001
    at Server.setupListenHandle [as _listen2] (node:net:1940:16)
    at listenInCluster (node:net:1997:12)
    at Server.listen (node:net:2102:7)
    at app.listen (D:\K\兵智世界v1.3\backend\node_modules\express\lib\application.js:635:24)
    at SimpleApp.start (D:\K\兵智世界v1.3\backend\src\app-simple.js:226:30)
2025-10-20 19:09:59 [ERROR]: Error: listen EADDRINUSE: address already in use :::3001
    at Server.setupListenHandle [as _listen2] (node:net:1940:16)
    at listenInCluster (node:net:1997:12)
    at Server.listen (node:net:2102:7)
    at app.listen (D:\K\兵智世界v1.3\backend\node_modules\express\lib\application.js:635:24)
    at SimpleApp.start (D:\K\兵智世界v1.3\backend\src\app-simple.js:226:30)
2025-10-22 14:46:39 [ERROR]: Error: listen EADDRINUSE: address already in use :::3001
    at Server.setupListenHandle [as _listen2] (node:net:1940:16)
    at listenInCluster (node:net:1997:12)
    at Server.listen (node:net:2102:7)
    at app.listen (D:\K\兵智世界v1.3\backend\node_modules\express\lib\application.js:635:24)
    at SimpleApp.start (D:\K\兵智世界v1.3\backend\src\app-simple.js:226:30)
2025-10-22 17:46:20 [ERROR]: Error: SQLITE_ERROR: ambiguous column name: country
2025-10-28 14:25:31 [ERROR]: Error: SQLITE_ERROR: ambiguous column name: country
2025-10-28 14:25:44 [ERROR]: Error: SQLITE_ERROR: ambiguous column name: country
2025-10-28 14:25:45 [ERROR]: Error: SQLITE_ERROR: ambiguous column name: country
2025-10-28 14:25:46 [ERROR]: Error: SQLITE_ERROR: ambiguous column name: country
2025-10-28 14:26:01 [ERROR]: Error: SQLITE_ERROR: ambiguous column name: country
2025-10-28 14:31:01 [ERROR]: Error: SQLITE_ERROR: ambiguous column name: country
2025-10-28 14:31:02 [ERROR]: Error: SQLITE_ERROR: ambiguous column name: country
2025-10-28 14:31:03 [ERROR]: Error: SQLITE_ERROR: ambiguous column name: country
2025-10-28 14:31:23 [ERROR]: Error: SQLITE_ERROR: ambiguous column name: country
2025-10-28 14:31:23 [ERROR]: Error: SQLITE_ERROR: ambiguous column name: country
2025-10-28 14:31:24 [ERROR]: Error: SQLITE_ERROR: ambiguous column name: country
2025-10-28 14:31:24 [ERROR]: Error: SQLITE_ERROR: ambiguous column name: country
2025-10-28 14:31:24 [ERROR]: Error: SQLITE_ERROR: ambiguous column name: country
2025-10-28 14:31:24 [ERROR]: Error: SQLITE_ERROR: ambiguous column name: country
2025-10-28 14:32:44 [ERROR]: Error: SQLITE_ERROR: ambiguous column name: country
2025-10-28 14:34:15 [ERROR]: Error: SQLITE_ERROR: ambiguous column name: country
2025-10-28 14:34:15 [ERROR]: Error: SQLITE_ERROR: ambiguous column name: country
2025-10-28 14:34:17 [ERROR]: Error: SQLITE_ERROR: ambiguous column name: country
2025-10-28 14:34:19 [ERROR]: Error: SQLITE_ERROR: ambiguous column name: country
2025-10-28 14:34:19 [ERROR]: Error: SQLITE_ERROR: ambiguous column name: country
2025-10-28 14:34:19 [ERROR]: Error: SQLITE_ERROR: ambiguous column name: country
2025-10-28 14:34:38 [ERROR]: Error: SQLITE_ERROR: ambiguous column name: country
2025-10-28 14:34:39 [ERROR]: Error: SQLITE_ERROR: ambiguous column name: country
2025-10-28 14:35:50 [ERROR]: Error: SQLITE_ERROR: ambiguous column name: country
2025-10-28 14:37:30 [ERROR]: Error: SQLITE_ERROR: ambiguous column name: country
2025-10-28 14:38:23 [ERROR]: Error: SQLITE_ERROR: ambiguous column name: country
2025-10-28 14:38:41 [ERROR]: Error: SQLITE_ERROR: ambiguous column name: country
2025-10-28 14:49:12 [ERROR]: Error: SQLITE_ERROR: ambiguous column name: country
2025-10-28 15:22:23 [ERROR]: Error: listen EADDRINUSE: address already in use :::3001
    at Server.setupListenHandle [as _listen2] (node:net:1940:16)
    at listenInCluster (node:net:1997:12)
    at Server.listen (node:net:2102:7)
    at app.listen (D:\K\兵智世界v1.3\backend\node_modules\express\lib\application.js:635:24)
    at SimpleApp.start (D:\K\兵智世界v1.3\backend\src\app-simple.js:226:30)
2025-10-28 15:45:37 [ERROR]: Error: listen EADDRINUSE: address already in use :::3001
    at Server.setupListenHandle [as _listen2] (node:net:1940:16)
    at listenInCluster (node:net:1997:12)
    at Server.listen (node:net:2102:7)
    at app.listen (D:\K\兵智世界v1.3\backend\node_modules\express\lib\application.js:635:24)
    at SimpleApp.start (D:\K\兵智世界v1.3\backend\src\app-simple.js:226:30)
2025-10-28 15:47:01 [ERROR]: Error: listen EADDRINUSE: address already in use :::3001
    at Server.setupListenHandle [as _listen2] (node:net:1940:16)
    at listenInCluster (node:net:1997:12)
    at Server.listen (node:net:2102:7)
    at app.listen (D:\K\兵智世界v1.3\backend\node_modules\express\lib\application.js:635:24)
    at SimpleApp.start (D:\K\兵智世界v1.3\backend\src\app-simple.js:226:30)
2026-07-02 10:34:14 [ERROR]: Deepseek API 调用失败:
2026-07-02 10:36:36 [ERROR]: TypeError [ERR_UNESCAPED_CHARACTERS]: Request path contains unescaped characters
    at new ClientRequest (node:_http_client:241:13)
    at Object.request (node:http:108:10)
    at [eval]:9:24
    at new Promise (<anonymous>)
    at test ([eval]:8:12)
    at [eval]:31:5
2026-07-02 10:49:08 [ERROR]: Error: listen EADDRINUSE: address already in use :::3001
    at Server.setupListenHandle [as _listen2] (node:net:2008:16)
    at listenInCluster (node:net:2065:12)
    at Server.listen (node:net:2170:7)
    at app.listen (E:\Arecibo\SJTJ-v1.3\backend\node_modules\express\lib\application.js:635:24)
    at SimpleApp.start (E:\Arecibo\SJTJ-v1.3\backend\src\app-simple.js:253:30)
2026-07-02 10:49:26 [ERROR]: Error: listen EADDRINUSE: address already in use :::3001
    at Server.setupListenHandle [as _listen2] (node:net:2008:16)
    at listenInCluster (node:net:2065:12)
    at Server.listen (node:net:2170:7)
    at app.listen (E:\Arecibo\SJTJ-v1.3\backend\node_modules\express\lib\application.js:635:24)
    at SimpleApp.start (E:\Arecibo\SJTJ-v1.3\backend\src\app-simple.js:253:30)
2026-07-23 12:54:58 [ERROR]: Error: listen EADDRINUSE: address already in use :::3001
    at Server.setupListenHandle [as _listen2] (node:net:2008:16)
    at listenInCluster (node:net:2065:12)
    at Server.listen (node:net:2170:7)
    at app.listen (E:\Arecibo\SJTJ-v1.3\backend\node_modules\express\lib\application.js:635:24)
    at SimpleApp.start (E:\Arecibo\SJTJ-v1.3\backend\src\app-simple.js:262:30)
2026-07-23 12:55:27 [ERROR]: Error: listen EADDRINUSE: address already in use :::3001
    at Server.setupListenHandle [as _listen2] (node:net:2008:16)
    at listenInCluster (node:net:2065:12)
    at Server.listen (node:net:2170:7)
    at app.listen (E:\Arecibo\SJTJ-v1.3\backend\node_modules\express\lib\application.js:635:24)
    at SimpleApp.start (E:\Arecibo\SJTJ-v1.3\backend\src\app-simple.js:262:30)
2026-07-23 12:56:27 [ERROR]: Error: SQLITE_ERROR: no such table: users
--> in Database#get('SELECT id, username, email, password_hash, name, role, status FROM users WHERE username = ? OR email = ?', [ 'JunkangShen', 'JunkangShen' ], [AsyncFunction (anonymous)])
    at E:\Arecibo\SJTJ-v1.3\backend\src\services\userService-simple.js:116:16
    at new Promise (<anonymous>)
    at UserService.login (E:\Arecibo\SJTJ-v1.3\backend\src\services\userService-simple.js:113:16)
    at E:\Arecibo\SJTJ-v1.3\backend\src\routes\auth-simple.js:25:38
    at Layer.handle [as handle_request] (E:\Arecibo\SJTJ-v1.3\backend\node_modules\express\lib\router\layer.js:95:5)
    at next (E:\Arecibo\SJTJ-v1.3\backend\node_modules\express\lib\router\route.js:149:13)
    at E:\Arecibo\SJTJ-v1.3\backend\src\middleware\validation.js:28:5
    at Layer.handle [as handle_request] (E:\Arecibo\SJTJ-v1.3\backend\node_modules\express\lib\router\layer.js:95:5)
    at next (E:\Arecibo\SJTJ-v1.3\backend\node_modules\express\lib\router\route.js:149:13)
2026-07-23 12:56:27 [ERROR]: Error: 数据库查询失败
    at E:\Arecibo\SJTJ-v1.3\backend\src\services\userService-simple.js:123:39
    at replacement (E:\Arecibo\SJTJ-v1.3\backend\node_modules\sqlite3\lib\trace.js:25:27)
    at Statement.errBack (E:\Arecibo\SJTJ-v1.3\backend\node_modules\sqlite3\lib\sqlite3.js:15:21)
2026-07-23 13:02:58 [ERROR]: Error: SQLITE_ERROR: no such table: users
--> in Database#get('SELECT id, username, email, password_hash, name, role, status FROM users WHERE username = ? OR email = ?', [ 'JunkangShen', 'JunkangShen' ], [AsyncFunction (anonymous)])
    at E:\Arecibo\SJTJ-v1.3\backend\src\services\userService-simple.js:116:16
    at new Promise (<anonymous>)
    at UserService.login (E:\Arecibo\SJTJ-v1.3\backend\src\services\userService-simple.js:113:16)
    at E:\Arecibo\SJTJ-v1.3\backend\src\routes\auth-simple.js:25:38
    at Layer.handle [as handle_request] (E:\Arecibo\SJTJ-v1.3\backend\node_modules\express\lib\router\layer.js:95:5)
    at next (E:\Arecibo\SJTJ-v1.3\backend\node_modules\express\lib\router\route.js:149:13)
    at E:\Arecibo\SJTJ-v1.3\backend\src\middleware\validation.js:28:5
    at Layer.handle [as handle_request] (E:\Arecibo\SJTJ-v1.3\backend\node_modules\express\lib\router\layer.js:95:5)
    at next (E:\Arecibo\SJTJ-v1.3\backend\node_modules\express\lib\router\route.js:149:13)
2026-07-23 13:02:58 [ERROR]: Error: 数据库查询失败
    at E:\Arecibo\SJTJ-v1.3\backend\src\services\userService-simple.js:123:39
    at replacement (E:\Arecibo\SJTJ-v1.3\backend\node_modules\sqlite3\lib\trace.js:25:27)
    at Statement.errBack (E:\Arecibo\SJTJ-v1.3\backend\node_modules\sqlite3\lib\sqlite3.js:15:21)
2026-07-23 13:03:07 [ERROR]: Error: SQLITE_ERROR: no such table: users
--> in Database#get('SELECT id, username, email, password_hash, name, role, status FROM users WHERE username = ? OR email = ?', [ 'JunkangShen', 'JunkangShen' ], [AsyncFunction (anonymous)])
    at E:\Arecibo\SJTJ-v1.3\backend\src\services\userService-simple.js:116:16
    at new Promise (<anonymous>)
    at UserService.login (E:\Arecibo\SJTJ-v1.3\backend\src\services\userService-simple.js:113:16)
    at E:\Arecibo\SJTJ-v1.3\backend\src\routes\auth-simple.js:25:38
    at Layer.handle [as handle_request] (E:\Arecibo\SJTJ-v1.3\backend\node_modules\express\lib\router\layer.js:95:5)
    at next (E:\Arecibo\SJTJ-v1.3\backend\node_modules\express\lib\router\route.js:149:13)
    at E:\Arecibo\SJTJ-v1.3\backend\src\middleware\validation.js:28:5
    at Layer.handle [as handle_request] (E:\Arecibo\SJTJ-v1.3\backend\node_modules\express\lib\router\layer.js:95:5)
    at next (E:\Arecibo\SJTJ-v1.3\backend\node_modules\express\lib\router\route.js:149:13)
2026-07-23 13:03:07 [ERROR]: Error: 数据库查询失败
    at E:\Arecibo\SJTJ-v1.3\backend\src\services\userService-simple.js:123:39
    at replacement (E:\Arecibo\SJTJ-v1.3\backend\node_modules\sqlite3\lib\trace.js:25:27)
    at Statement.errBack (E:\Arecibo\SJTJ-v1.3\backend\node_modules\sqlite3\lib\sqlite3.js:15:21)
2026-07-23 13:04:03 [ERROR]: Error: SQLITE_ERROR: no such table: users
--> in Database#get('SELECT id, username, email, password_hash, name, role, status FROM users WHERE username = ? OR email = ?', [ 'JunkangShen', 'JunkangShen' ], [AsyncFunction (anonymous)])
    at E:\Arecibo\SJTJ-v1.3\backend\src\services\userService-simple.js:116:16
    at new Promise (<anonymous>)
    at UserService.login (E:\Arecibo\SJTJ-v1.3\backend\src\services\userService-simple.js:113:16)
    at E:\Arecibo\SJTJ-v1.3\backend\src\routes\auth-simple.js:25:38
    at Layer.handle [as handle_request] (E:\Arecibo\SJTJ-v1.3\backend\node_modules\express\lib\router\layer.js:95:5)
    at next (E:\Arecibo\SJTJ-v1.3\backend\node_modules\express\lib\router\route.js:149:13)
    at E:\Arecibo\SJTJ-v1.3\backend\src\middleware\validation.js:28:5
    at Layer.handle [as handle_request] (E:\Arecibo\SJTJ-v1.3\backend\node_modules\express\lib\router\layer.js:95:5)
    at next (E:\Arecibo\SJTJ-v1.3\backend\node_modules\express\lib\router\route.js:149:13)
2026-07-23 13:04:03 [ERROR]: Error: 数据库查询失败
    at E:\Arecibo\SJTJ-v1.3\backend\src\services\userService-simple.js:123:39
    at replacement (E:\Arecibo\SJTJ-v1.3\backend\node_modules\sqlite3\lib\trace.js:25:27)
    at Statement.errBack (E:\Arecibo\SJTJ-v1.3\backend\node_modules\sqlite3\lib\sqlite3.js:15:21)
2026-07-23 13:12:35 [ERROR]: SyntaxError: Expected ',' or '}' after property value in JSON at position 15 (line 1 column 16)
    at JSON.parse (<anonymous>)
    at parse (E:\Arecibo\SJTJ-v1.3\backend\node_modules\body-parser\lib\types\json.js:92:19)
    at E:\Arecibo\SJTJ-v1.3\backend\node_modules\body-parser\lib\read.js:128:18
    at AsyncResource.runInAsyncScope (node:async_hooks:227:14)
    at invokeCallback (E:\Arecibo\SJTJ-v1.3\backend\node_modules\raw-body\index.js:238:16)
    at done (E:\Arecibo\SJTJ-v1.3\backend\node_modules\raw-body\index.js:227:7)
    at IncomingMessage.onEnd (E:\Arecibo\SJTJ-v1.3\backend\node_modules\raw-body\index.js:287:7)
    at IncomingMessage.emit (node:events:509:28)
    at endReadableNT (node:internal/streams/readable:1735:12)
    at process.processTicksAndRejections (node:internal/process/task_queues:90:21)
2026-07-23 13:15:52 [ERROR]: Error: listen EADDRINUSE: address already in use :::3001
    at Server.setupListenHandle [as _listen2] (node:net:2008:16)
    at listenInCluster (node:net:2065:12)
    at Server.listen (node:net:2170:7)
    at app.listen (E:\Arecibo\SJTJ-v1.3\backend\node_modules\express\lib\application.js:635:24)
    at SimpleApp.start (E:\Arecibo\SJTJ-v1.3\backend\src\app-simple.js:262:30)
2026-07-24 09:25:49 [ERROR]: Error: listen EADDRINUSE: address already in use :::3001
    at Server.setupListenHandle [as _listen2] (node:net:2008:16)
    at listenInCluster (node:net:2065:12)
    at Server.listen (node:net:2170:7)
    at app.listen (E:\Arecibo\SJTJ-v1.3\backend\node_modules\express\lib\application.js:635:24)
    at SimpleApp.start (E:\Arecibo\SJTJ-v1.3\backend\src\app-simple.js:262:30)
2026-07-24 09:29:04 [ERROR]: Error: 数据库未初始化
    at SimpleDatabaseManager.getDatabase (E:\Arecibo\SJTJ-v1.3\backend\src\config\database-simple.js:425:13)
    at E:\Arecibo\SJTJ-v1.3\backend\src\routes\herbs.js:192:32
    at Layer.handle [as handle_request] (E:\Arecibo\SJTJ-v1.3\backend\node_modules\express\lib\router\layer.js:95:5)
    at next (E:\Arecibo\SJTJ-v1.3\backend\node_modules\express\lib\router\route.js:149:13)
    at Route.dispatch (E:\Arecibo\SJTJ-v1.3\backend\node_modules\express\lib\router\route.js:119:3)
    at Layer.handle [as handle_request] (E:\Arecibo\SJTJ-v1.3\backend\node_modules\express\lib\router\layer.js:95:5)
    at E:\Arecibo\SJTJ-v1.3\backend\node_modules\express\lib\router\index.js:284:15
    at router.process_params (E:\Arecibo\SJTJ-v1.3\backend\node_modules\express\lib\router\index.js:346:12)
    at next (E:\Arecibo\SJTJ-v1.3\backend\node_modules\express\lib\router\index.js:280:10)
    at router.handle (E:\Arecibo\SJTJ-v1.3\backend\node_modules\express\lib\router\index.js:175:3)
2026-07-24 20:44:30 [ERROR]: Error: EPIPE: broken pipe, write
    at Socket._write (node:internal/net:75:18)
    at writeOrBuffer (node:internal/streams/writable:570:12)
    at _write (node:internal/streams/writable:499:10)
    at Writable.write (node:internal/streams/writable:508:10)
    at Console.log (E:\Arecibo\SJTJ-v1.3\backend\node_modules\winston\lib\winston\transports\console.js:87:23)
    at Console._write (E:\Arecibo\SJTJ-v1.3\backend\node_modules\winston-transport\modern.js:103:17)
    at doWrite (E:\Arecibo\SJTJ-v1.3\backend\node_modules\winston-transport\node_modules\readable-stream\lib\_stream_writable.js:390:139)
    at writeOrBuffer (E:\Arecibo\SJTJ-v1.3\backend\node_modules\winston-transport\node_modules\readable-stream\lib\_stream_writable.js:381:5)
    at Writable.write (E:\Arecibo\SJTJ-v1.3\backend\node_modules\winston-transport\node_modules\readable-stream\lib\_stream_writable.js:302:11)
    at DerivedLogger.ondata (E:\Arecibo\SJTJ-v1.3\backend\node_modules\winston\node_modules\readable-stream\lib\_stream_readable.js:629:20)
2026-07-27 21:44:16 [ERROR]: Error: 只允许上传图片文件 (jpeg, jpg, png, gif, webp)
    at fileFilter (E:\Arecibo\SJTJ-v1.3\backend\src\routes\herb-images.js:33:8)
    at wrappedFileFilter (E:\Arecibo\SJTJ-v1.3\backend\node_modules\multer\index.js:44:7)
    at Multipart.<anonymous> (E:\Arecibo\SJTJ-v1.3\backend\node_modules\multer\lib\make-middleware.js:109:7)
    at Multipart.emit (node:events:509:28)
    at HeaderParser.cb (E:\Arecibo\SJTJ-v1.3\backend\node_modules\busboy\lib\types\multipart.js:358:14)
    at HeaderParser.push (E:\Arecibo\SJTJ-v1.3\backend\node_modules\busboy\lib\types\multipart.js:162:20)
    at SBMH.ssCb [as _cb] (E:\Arecibo\SJTJ-v1.3\backend\node_modules\busboy\lib\types\multipart.js:394:37)
    at feed (E:\Arecibo\SJTJ-v1.3\backend\node_modules\streamsearch\lib\sbmh.js:219:14)
    at SBMH.push (E:\Arecibo\SJTJ-v1.3\backend\node_modules\streamsearch\lib\sbmh.js:104:16)
    at Multipart._write (E:\Arecibo\SJTJ-v1.3\backend\node_modules\busboy\lib\types\multipart.js:567:19)
2026-07-27 21:44:16 [ERROR]: Error: 只允许上传图片文件 (jpeg, jpg, png, gif, webp)
    at fileFilter (E:\Arecibo\SJTJ-v1.3\backend\src\routes\herb-images.js:33:8)
    at wrappedFileFilter (E:\Arecibo\SJTJ-v1.3\backend\node_modules\multer\index.js:44:7)
    at Multipart.<anonymous> (E:\Arecibo\SJTJ-v1.3\backend\node_modules\multer\lib\make-middleware.js:109:7)
    at Multipart.emit (node:events:509:28)
    at HeaderParser.cb (E:\Arecibo\SJTJ-v1.3\backend\node_modules\busboy\lib\types\multipart.js:358:14)
    at HeaderParser.push (E:\Arecibo\SJTJ-v1.3\backend\node_modules\busboy\lib\types\multipart.js:162:20)
    at SBMH.ssCb [as _cb] (E:\Arecibo\SJTJ-v1.3\backend\node_modules\busboy\lib\types\multipart.js:394:37)
    at feed (E:\Arecibo\SJTJ-v1.3\backend\node_modules\streamsearch\lib\sbmh.js:219:14)
    at SBMH.push (E:\Arecibo\SJTJ-v1.3\backend\node_modules\streamsearch\lib\sbmh.js:104:16)
    at Multipart._write (E:\Arecibo\SJTJ-v1.3\backend\node_modules\busboy\lib\types\multipart.js:567:19)
2026-07-27 21:44:17 [ERROR]: Error: 只允许上传图片文件 (jpeg, jpg, png, gif, webp)
    at fileFilter (E:\Arecibo\SJTJ-v1.3\backend\src\routes\herb-images.js:33:8)
    at wrappedFileFilter (E:\Arecibo\SJTJ-v1.3\backend\node_modules\multer\index.js:44:7)
    at Multipart.<anonymous> (E:\Arecibo\SJTJ-v1.3\backend\node_modules\multer\lib\make-middleware.js:109:7)
    at Multipart.emit (node:events:509:28)
    at HeaderParser.cb (E:\Arecibo\SJTJ-v1.3\backend\node_modules\busboy\lib\types\multipart.js:358:14)
    at HeaderParser.push (E:\Arecibo\SJTJ-v1.3\backend\node_modules\busboy\lib\types\multipart.js:162:20)
    at SBMH.ssCb [as _cb] (E:\Arecibo\SJTJ-v1.3\backend\node_modules\busboy\lib\types\multipart.js:394:37)
    at feed (E:\Arecibo\SJTJ-v1.3\backend\node_modules\streamsearch\lib\sbmh.js:219:14)
    at SBMH.push (E:\Arecibo\SJTJ-v1.3\backend\node_modules\streamsearch\lib\sbmh.js:104:16)
    at Multipart._write (E:\Arecibo\SJTJ-v1.3\backend\node_modules\busboy\lib\types\multipart.js:567:19)
2026-07-27 21:44:17 [ERROR]: Error: 只允许上传图片文件 (jpeg, jpg, png, gif, webp)
    at fileFilter (E:\Arecibo\SJTJ-v1.3\backend\src\routes\herb-images.js:33:8)
    at wrappedFileFilter (E:\Arecibo\SJTJ-v1.3\backend\node_modules\multer\index.js:44:7)
    at Multipart.<anonymous> (E:\Arecibo\SJTJ-v1.3\backend\node_modules\multer\lib\make-middleware.js:109:7)
    at Multipart.emit (node:events:509:28)
    at HeaderParser.cb (E:\Arecibo\SJTJ-v1.3\backend\node_modules\busboy\lib\types\multipart.js:358:14)
    at HeaderParser.push (E:\Arecibo\SJTJ-v1.3\backend\node_modules\busboy\lib\types\multipart.js:162:20)
    at SBMH.ssCb [as _cb] (E:\Arecibo\SJTJ-v1.3\backend\node_modules\busboy\lib\types\multipart.js:394:37)
    at feed (E:\Arecibo\SJTJ-v1.3\backend\node_modules\streamsearch\lib\sbmh.js:219:14)
    at SBMH.push (E:\Arecibo\SJTJ-v1.3\backend\node_modules\streamsearch\lib\sbmh.js:104:16)
    at Multipart._write (E:\Arecibo\SJTJ-v1.3\backend\node_modules\busboy\lib\types\multipart.js:567:19)
2026-07-27 21:44:17 [ERROR]: Error: 只允许上传图片文件 (jpeg, jpg, png, gif, webp)
    at fileFilter (E:\Arecibo\SJTJ-v1.3\backend\src\routes\herb-images.js:33:8)
    at wrappedFileFilter (E:\Arecibo\SJTJ-v1.3\backend\node_modules\multer\index.js:44:7)
    at Multipart.<anonymous> (E:\Arecibo\SJTJ-v1.3\backend\node_modules\multer\lib\make-middleware.js:109:7)
    at Multipart.emit (node:events:509:28)
    at HeaderParser.cb (E:\Arecibo\SJTJ-v1.3\backend\node_modules\busboy\lib\types\multipart.js:358:14)
    at HeaderParser.push (E:\Arecibo\SJTJ-v1.3\backend\node_modules\busboy\lib\types\multipart.js:162:20)
    at SBMH.ssCb [as _cb] (E:\Arecibo\SJTJ-v1.3\backend\node_modules\busboy\lib\types\multipart.js:394:37)
    at feed (E:\Arecibo\SJTJ-v1.3\backend\node_modules\streamsearch\lib\sbmh.js:219:14)
    at SBMH.push (E:\Arecibo\SJTJ-v1.3\backend\node_modules\streamsearch\lib\sbmh.js:104:16)
    at Multipart._write (E:\Arecibo\SJTJ-v1.3\backend\node_modules\busboy\lib\types\multipart.js:567:19)
2026-07-27 21:44:18 [ERROR]: Error: 只允许上传图片文件 (jpeg, jpg, png, gif, webp)
    at fileFilter (E:\Arecibo\SJTJ-v1.3\backend\src\routes\herb-images.js:33:8)
    at wrappedFileFilter (E:\Arecibo\SJTJ-v1.3\backend\node_modules\multer\index.js:44:7)
    at Multipart.<anonymous> (E:\Arecibo\SJTJ-v1.3\backend\node_modules\multer\lib\make-middleware.js:109:7)
    at Multipart.emit (node:events:509:28)
    at HeaderParser.cb (E:\Arecibo\SJTJ-v1.3\backend\node_modules\busboy\lib\types\multipart.js:358:14)
    at HeaderParser.push (E:\Arecibo\SJTJ-v1.3\backend\node_modules\busboy\lib\types\multipart.js:162:20)
    at SBMH.ssCb [as _cb] (E:\Arecibo\SJTJ-v1.3\backend\node_modules\busboy\lib\types\multipart.js:394:37)
    at feed (E:\Arecibo\SJTJ-v1.3\backend\node_modules\streamsearch\lib\sbmh.js:219:14)
    at SBMH.push (E:\Arecibo\SJTJ-v1.3\backend\node_modules\streamsearch\lib\sbmh.js:104:16)
    at Multipart._write (E:\Arecibo\SJTJ-v1.3\backend\node_modules\busboy\lib\types\multipart.js:567:19)
2026-07-27 21:44:18 [ERROR]: Error: 只允许上传图片文件 (jpeg, jpg, png, gif, webp)
    at fileFilter (E:\Arecibo\SJTJ-v1.3\backend\src\routes\herb-images.js:33:8)
    at wrappedFileFilter (E:\Arecibo\SJTJ-v1.3\backend\node_modules\multer\index.js:44:7)
    at Multipart.<anonymous> (E:\Arecibo\SJTJ-v1.3\backend\node_modules\multer\lib\make-middleware.js:109:7)
    at Multipart.emit (node:events:509:28)
    at HeaderParser.cb (E:\Arecibo\SJTJ-v1.3\backend\node_modules\busboy\lib\types\multipart.js:358:14)
    at HeaderParser.push (E:\Arecibo\SJTJ-v1.3\backend\node_modules\busboy\lib\types\multipart.js:162:20)
    at SBMH.ssCb [as _cb] (E:\Arecibo\SJTJ-v1.3\backend\node_modules\busboy\lib\types\multipart.js:394:37)
    at feed (E:\Arecibo\SJTJ-v1.3\backend\node_modules\streamsearch\lib\sbmh.js:219:14)
    at SBMH.push (E:\Arecibo\SJTJ-v1.3\backend\node_modules\streamsearch\lib\sbmh.js:104:16)
    at Multipart._write (E:\Arecibo\SJTJ-v1.3\backend\node_modules\busboy\lib\types\multipart.js:567:19)
2026-07-27 21:44:18 [ERROR]: Error: 只允许上传图片文件 (jpeg, jpg, png, gif, webp)
    at fileFilter (E:\Arecibo\SJTJ-v1.3\backend\src\routes\herb-images.js:33:8)
    at wrappedFileFilter (E:\Arecibo\SJTJ-v1.3\backend\node_modules\multer\index.js:44:7)
    at Multipart.<anonymous> (E:\Arecibo\SJTJ-v1.3\backend\node_modules\multer\lib\make-middleware.js:109:7)
    at Multipart.emit (node:events:509:28)
    at HeaderParser.cb (E:\Arecibo\SJTJ-v1.3\backend\node_modules\busboy\lib\types\multipart.js:358:14)
    at HeaderParser.push (E:\Arecibo\SJTJ-v1.3\backend\node_modules\busboy\lib\types\multipart.js:162:20)
    at SBMH.ssCb [as _cb] (E:\Arecibo\SJTJ-v1.3\backend\node_modules\busboy\lib\types\multipart.js:394:37)
    at feed (E:\Arecibo\SJTJ-v1.3\backend\node_modules\streamsearch\lib\sbmh.js:219:14)
    at SBMH.push (E:\Arecibo\SJTJ-v1.3\backend\node_modules\streamsearch\lib\sbmh.js:104:16)
    at Multipart._write (E:\Arecibo\SJTJ-v1.3\backend\node_modules\busboy\lib\types\multipart.js:567:19)
2026-07-27 21:44:18 [ERROR]: Error: 只允许上传图片文件 (jpeg, jpg, png, gif, webp)
    at fileFilter (E:\Arecibo\SJTJ-v1.3\backend\src\routes\herb-images.js:33:8)
    at wrappedFileFilter (E:\Arecibo\SJTJ-v1.3\backend\node_modules\multer\index.js:44:7)
    at Multipart.<anonymous> (E:\Arecibo\SJTJ-v1.3\backend\node_modules\multer\lib\make-middleware.js:109:7)
    at Multipart.emit (node:events:509:28)
    at HeaderParser.cb (E:\Arecibo\SJTJ-v1.3\backend\node_modules\busboy\lib\types\multipart.js:358:14)
    at HeaderParser.push (E:\Arecibo\SJTJ-v1.3\backend\node_modules\busboy\lib\types\multipart.js:162:20)
    at SBMH.ssCb [as _cb] (E:\Arecibo\SJTJ-v1.3\backend\node_modules\busboy\lib\types\multipart.js:394:37)
    at feed (E:\Arecibo\SJTJ-v1.3\backend\node_modules\streamsearch\lib\sbmh.js:219:14)
    at SBMH.push (E:\Arecibo\SJTJ-v1.3\backend\node_modules\streamsearch\lib\sbmh.js:104:16)
    at Multipart._write (E:\Arecibo\SJTJ-v1.3\backend\node_modules\busboy\lib\types\multipart.js:567:19)
2026-07-27 21:44:45 [ERROR]: Error: 只允许上传图片文件 (jpeg, jpg, png, gif, webp)
    at fileFilter (E:\Arecibo\SJTJ-v1.3\backend\src\routes\herb-images.js:33:8)
    at wrappedFileFilter (E:\Arecibo\SJTJ-v1.3\backend\node_modules\multer\index.js:44:7)
    at Multipart.<anonymous> (E:\Arecibo\SJTJ-v1.3\backend\node_modules\multer\lib\make-middleware.js:109:7)
    at Multipart.emit (node:events:509:28)
    at HeaderParser.cb (E:\Arecibo\SJTJ-v1.3\backend\node_modules\busboy\lib\types\multipart.js:358:14)
    at HeaderParser.push (E:\Arecibo\SJTJ-v1.3\backend\node_modules\busboy\lib\types\multipart.js:162:20)
    at SBMH.ssCb [as _cb] (E:\Arecibo\SJTJ-v1.3\backend\node_modules\busboy\lib\types\multipart.js:394:37)
    at feed (E:\Arecibo\SJTJ-v1.3\backend\node_modules\streamsearch\lib\sbmh.js:219:14)
    at SBMH.push (E:\Arecibo\SJTJ-v1.3\backend\node_modules\streamsearch\lib\sbmh.js:104:16)
    at Multipart._write (E:\Arecibo\SJTJ-v1.3\backend\node_modules\busboy\lib\types\multipart.js:567:19)
2026-07-27 21:50:46 [ERROR]: Error: listen EADDRINUSE: address already in use :::3001
    at Server.setupListenHandle [as _listen2] (node:net:2008:16)
    at listenInCluster (node:net:2065:12)
    at Server.listen (node:net:2170:7)
    at app.listen (E:\Arecibo\SJTJ-v1.3\backend\node_modules\express\lib\application.js:635:24)
    at SimpleApp.start (E:\Arecibo\SJTJ-v1.3\backend\src\app-simple.js:295:30)
